date,city,event_type,description
2024-02-17,Warsaw,Football match,Home match at the stadium
2024-02-18,Copenhagen,Football match,Home match at the stadium
2024-02-24,Warsaw,Football match,Home match at the stadium
2024-03-03,Copenhagen,Football match,Home match at the stadium
2024-03-09,Warsaw,Football match,Home match at the stadium
2024-03-17,Copenhagen,Football match,Home match at the stadium
2024-03-24,Copenhagen,Football match,Home match at the stadium
2024-03-30,Warsaw,Football match,Home match at the stadium
2024-04-13,Warsaw,Football match,Home match at the stadium
2024-04-14,Copenhagen,Football match,Home match at the stadium
2024-04-20,Warsaw,Football match,Home match at the stadium
2024-04-27,Warsaw,Football match,Home match at the stadium
2024-04-28,Copenhagen,Football match,Home match at the stadium
2024-05-04,Warsaw,Football match,Home match at the stadium
2024-05-05,Copenhagen,Football match,Home match at the stadium
2024-05-11,Warsaw,Football match,Home match at the stadium
2024-05-12,Copenhagen,Football match,Home match at the stadium
2024-05-12,Copenhagen,Marathon,City marathon passes through the centre
2024-05-25,Warsaw,Football match,Home match at the stadium
2024-05-26,Copenhagen,Football match,Home match at the stadium
2024-06-15,Copenhagen,Concert,Big summer concert at the stadium
2024-06-21,Warsaw,Concert,Big summer concert at the stadium
2024-07-12,Copenhagen,Concert,Big summer concert at the stadium
2024-07-12,Warsaw,Concert,Big summer concert at the stadium
2024-07-20,Warsaw,Football match,Home match at the stadium
2024-07-21,Copenhagen,Football match,Home match at the stadium
2024-08-03,Warsaw,Football match,Home match at the stadium
2024-08-09,Copenhagen,Concert,Big summer concert at the stadium
2024-08-09,Warsaw,Concert,Big summer concert at the stadium
2024-08-10,Warsaw,Football match,Home match at the stadium
2024-08-11,Copenhagen,Football match,Home match at the stadium
2024-08-17,Warsaw,Football match,Home match at the stadium
2024-08-31,Warsaw,Football match,Home match at the stadium
2024-09-01,Copenhagen,Football match,Home match at the stadium
2024-09-07,Warsaw,Football match,Home match at the stadium
2024-09-14,Warsaw,Football match,Home match at the stadium
2024-09-15,Copenhagen,Football match,Home match at the stadium
2024-09-28,Warsaw,Football match,Home match at the stadium
2024-09-29,Warsaw,Marathon,City marathon passes through the centre
2024-10-06,Copenhagen,Football match,Home match at the stadium
2024-10-12,Warsaw,Football match,Home match at the stadium
2024-10-20,Copenhagen,Football match,Home match at the stadium
2024-10-26,Warsaw,Football match,Home match at the stadium
2024-11-03,Copenhagen,Football match,Home match at the stadium
2024-11-09,Warsaw,Football match,Home match at the stadium
2024-11-17,Copenhagen,Football match,Home match at the stadium
2024-11-22,Copenhagen,Christmas market,Christmas market in the old town / city hall square
2024-11-22,Warsaw,Christmas market,Christmas market in the old town / city hall square
2024-11-23,Copenhagen,Christmas market,Christmas market in the old town / city hall square
2024-11-23,Warsaw,Football match,Home match at the stadium
2024-11-23,Warsaw,Christmas market,Christmas market in the old town / city hall square
2024-11-24,Copenhagen,Christmas market,Christmas market in the old town / city hall square
2024-11-24,Warsaw,Christmas market,Christmas market in the old town / city hall square
2024-11-25,Copenhagen,Christmas market,Christmas market in the old town / city hall square
2024-11-25,Warsaw,Christmas market,Christmas market in the old town / city hall square
2024-11-26,Copenhagen,Christmas market,Christmas market in the old town / city hall square
2024-11-26,Warsaw,Christmas market,Christmas market in the old town / city hall square
2024-11-27,Copenhagen,Christmas market,Christmas market in the old town / city hall square
2024-11-27,Warsaw,Christmas market,Christmas market in the old town / city hall square
2024-11-28,Copenhagen,Christmas market,Christmas market in the old town / city hall square
2024-11-28,Warsaw,Christmas market,Christmas market in the old town / city hall square
2024-11-29,Copenhagen,Christmas market,Christmas market in the old town / city hall square
2024-11-29,Warsaw,Christmas market,Christmas market in the old town / city hall square
2024-11-30,Copenhagen,Christmas market,Christmas market in the old town / city hall square
2024-11-30,Warsaw,Football match,Home match at the stadium
2024-11-30,Warsaw,Christmas market,Christmas market in the old town / city hall square
2024-12-01,Copenhagen,Football match,Home match at the stadium
2024-12-01,Copenhagen,Christmas market,Christmas market in the old town / city hall square
2024-12-01,Warsaw,Christmas market,Christmas market in the old town / city hall square
2024-12-02,Copenhagen,Christmas market,Christmas market in the old town / city hall square
2024-12-02,Warsaw,Christmas market,Christmas market in the old town / city hall square
2024-12-03,Copenhagen,Christmas market,Christmas market in the old town / city hall square
2024-12-03,Warsaw,Christmas market,Christmas market in the old town / city hall square
2024-12-04,Copenhagen,Christmas market,Christmas market in the old town / city hall square
2024-12-04,Warsaw,Christmas market,Christmas market in the old town / city hall square
2024-12-05,Copenhagen,Christmas market,Christmas market in the old town / city hall square
2024-12-05,Warsaw,Christmas market,Christmas market in the old town / city hall square
2024-12-06,Copenhagen,Christmas market,Christmas market in the old town / city hall square
2024-12-06,Warsaw,Christmas market,Christmas market in the old town / city hall square
2024-12-07,Copenhagen,Christmas market,Christmas market in the old town / city hall square
2024-12-07,Warsaw,Football match,Home match at the stadium
2024-12-07,Warsaw,Christmas market,Christmas market in the old town / city hall square
2024-12-08,Copenhagen,Christmas market,Christmas market in the old town / city hall square
2024-12-08,Warsaw,Christmas market,Christmas market in the old town / city hall square
2024-12-09,Copenhagen,Christmas market,Christmas market in the old town / city hall square
2024-12-09,Warsaw,Christmas market,Christmas market in the old town / city hall square
2024-12-10,Copenhagen,Christmas market,Christmas market in the old town / city hall square
2024-12-10,Warsaw,Christmas market,Christmas market in the old town / city hall square
2024-12-11,Copenhagen,Christmas market,Christmas market in the old town / city hall square
2024-12-11,Warsaw,Christmas market,Christmas market in the old town / city hall square
2024-12-12,Copenhagen,Christmas market,Christmas market in the old town / city hall square
2024-12-12,Warsaw,Christmas market,Christmas market in the old town / city hall square
2024-12-13,Copenhagen,Christmas market,Christmas market in the old town / city hall square
2024-12-13,Warsaw,Christmas market,Christmas market in the old town / city hall square
2024-12-14,Copenhagen,Christmas market,Christmas market in the old town / city hall square
2024-12-14,Warsaw,Christmas market,Christmas market in the old town / city hall square
2024-12-15,Copenhagen,Christmas market,Christmas market in the old town / city hall square
2024-12-15,Warsaw,Christmas market,Christmas market in the old town / city hall square
2024-12-16,Copenhagen,Christmas market,Christmas market in the old town / city hall square
2024-12-16,Warsaw,Christmas market,Christmas market in the old town / city hall square
2024-12-17,Copenhagen,Christmas market,Christmas market in the old town / city hall square
2024-12-17,Warsaw,Christmas market,Christmas market in the old town / city hall square
2024-12-18,Copenhagen,Christmas market,Christmas market in the old town / city hall square
2024-12-18,Warsaw,Christmas market,Christmas market in the old town / city hall square
2024-12-19,Copenhagen,Christmas market,Christmas market in the old town / city hall square
2024-12-19,Warsaw,Christmas market,Christmas market in the old town / city hall square
2024-12-20,Copenhagen,Christmas market,Christmas market in the old town / city hall square
2024-12-20,Warsaw,Christmas market,Christmas market in the old town / city hall square
2024-12-21,Copenhagen,Christmas market,Christmas market in the old town / city hall square
2024-12-21,Warsaw,Christmas market,Christmas market in the old town / city hall square
2024-12-22,Copenhagen,Christmas market,Christmas market in the old town / city hall square
2024-12-22,Warsaw,Christmas market,Christmas market in the old town / city hall square
2024-12-23,Copenhagen,Christmas market,Christmas market in the old town / city hall square
2024-12-23,Warsaw,Christmas market,Christmas market in the old town / city hall square
2025-02-15,Warsaw,Football match,Home match at the stadium
2025-02-16,Copenhagen,Football match,Home match at the stadium
2025-02-23,Copenhagen,Football match,Home match at the stadium
2025-03-08,Warsaw,Football match,Home match at the stadium
2025-03-16,Copenhagen,Football match,Home match at the stadium
2025-03-22,Warsaw,Football match,Home match at the stadium
2025-04-05,Warsaw,Football match,Home match at the stadium
2025-04-06,Copenhagen,Football match,Home match at the stadium
2025-04-13,Copenhagen,Football match,Home match at the stadium
2025-04-26,Warsaw,Football match,Home match at the stadium
2025-05-03,Warsaw,Football match,Home match at the stadium
2025-05-04,Copenhagen,Football match,Home match at the stadium
2025-05-11,Copenhagen,Football match,Home match at the stadium
2025-05-11,Copenhagen,Marathon,City marathon passes through the centre
2025-05-24,Warsaw,Football match,Home match at the stadium
2025-05-25,Copenhagen,Football match,Home match at the stadium
2025-06-20,Copenhagen,Concert,Big summer concert at the stadium
2025-06-27,Warsaw,Concert,Big summer concert at the stadium
2025-07-11,Warsaw,Concert,Big summer concert at the stadium
2025-07-18,Copenhagen,Concert,Big summer concert at the stadium
2025-07-20,Copenhagen,Football match,Home match at the stadium
2025-07-26,Warsaw,Football match,Home match at the stadium
2025-08-02,Warsaw,Football match,Home match at the stadium
2025-08-09,Warsaw,Football match,Home match at the stadium
2025-08-09,Warsaw,Concert,Big summer concert at the stadium
2025-08-10,Copenhagen,Football match,Home match at the stadium
2025-08-16,Copenhagen,Concert,Big summer concert at the stadium
2025-08-16,Warsaw,Football match,Home match at the stadium
2025-08-24,Copenhagen,Football match,Home match at the stadium
2025-08-31,Copenhagen,Football match,Home match at the stadium
2025-09-06,Warsaw,Football match,Home match at the stadium
2025-09-13,Warsaw,Football match,Home match at the stadium
2025-09-14,Copenhagen,Football match,Home match at the stadium
2025-09-20,Warsaw,Football match,Home match at the stadium
2025-09-28,Warsaw,Marathon,City marathon passes through the centre
2025-10-05,Copenhagen,Football match,Home match at the stadium
2025-10-11,Warsaw,Football match,Home match at the stadium
2025-10-12,Copenhagen,Football match,Home match at the stadium
2025-10-25,Warsaw,Football match,Home match at the stadium
2025-10-26,Copenhagen,Football match,Home match at the stadium
2025-11-02,Copenhagen,Football match,Home match at the stadium
2025-11-08,Warsaw,Football match,Home match at the stadium
2025-11-22,Copenhagen,Christmas market,Christmas market in the old town / city hall square
2025-11-22,Warsaw,Football match,Home match at the stadium
2025-11-22,Warsaw,Christmas market,Christmas market in the old town / city hall square
2025-11-23,Copenhagen,Football match,Home match at the stadium
2025-11-23,Copenhagen,Christmas market,Christmas market in the old town / city hall square
2025-11-23,Warsaw,Christmas market,Christmas market in the old town / city hall square
2025-11-24,Copenhagen,Christmas market,Christmas market in the old town / city hall square
2025-11-24,Warsaw,Christmas market,Christmas market in the old town / city hall square
2025-11-25,Copenhagen,Christmas market,Christmas market in the old town / city hall square
2025-11-25,Warsaw,Christmas market,Christmas market in the old town / city hall square
2025-11-26,Copenhagen,Christmas market,Christmas market in the old town / city hall square
2025-11-26,Warsaw,Christmas market,Christmas market in the old town / city hall square
2025-11-27,Copenhagen,Christmas market,Christmas market in the old town / city hall square
2025-11-27,Warsaw,Christmas market,Christmas market in the old town / city hall square
2025-11-28,Copenhagen,Christmas market,Christmas market in the old town / city hall square
2025-11-28,Warsaw,Christmas market,Christmas market in the old town / city hall square
2025-11-29,Copenhagen,Christmas market,Christmas market in the old town / city hall square
2025-11-29,Warsaw,Christmas market,Christmas market in the old town / city hall square
2025-11-30,Copenhagen,Christmas market,Christmas market in the old town / city hall square
2025-11-30,Warsaw,Christmas market,Christmas market in the old town / city hall square
2025-12-01,Copenhagen,Christmas market,Christmas market in the old town / city hall square
2025-12-01,Warsaw,Christmas market,Christmas market in the old town / city hall square
2025-12-02,Copenhagen,Christmas market,Christmas market in the old town / city hall square
2025-12-02,Warsaw,Christmas market,Christmas market in the old town / city hall square
2025-12-03,Copenhagen,Christmas market,Christmas market in the old town / city hall square
2025-12-03,Warsaw,Christmas market,Christmas market in the old town / city hall square
2025-12-04,Copenhagen,Christmas market,Christmas market in the old town / city hall square
2025-12-04,Warsaw,Christmas market,Christmas market in the old town / city hall square
2025-12-05,Copenhagen,Christmas market,Christmas market in the old town / city hall square
2025-12-05,Warsaw,Christmas market,Christmas market in the old town / city hall square
2025-12-06,Copenhagen,Christmas market,Christmas market in the old town / city hall square
2025-12-06,Warsaw,Football match,Home match at the stadium
2025-12-06,Warsaw,Christmas market,Christmas market in the old town / city hall square
2025-12-07,Copenhagen,Christmas market,Christmas market in the old town / city hall square
2025-12-07,Warsaw,Christmas market,Christmas market in the old town / city hall square
2025-12-08,Copenhagen,Christmas market,Christmas market in the old town / city hall square
2025-12-08,Warsaw,Christmas market,Christmas market in the old town / city hall square
2025-12-09,Copenhagen,Christmas market,Christmas market in the old town / city hall square
2025-12-09,Warsaw,Christmas market,Christmas market in the old town / city hall square
2025-12-10,Copenhagen,Christmas market,Christmas market in the old town / city hall square
2025-12-10,Warsaw,Christmas market,Christmas market in the old town / city hall square
2025-12-11,Copenhagen,Christmas market,Christmas market in the old town / city hall square
2025-12-11,Warsaw,Christmas market,Christmas market in the old town / city hall square
2025-12-12,Copenhagen,Christmas market,Christmas market in the old town / city hall square
2025-12-12,Warsaw,Christmas market,Christmas market in the old town / city hall square
2025-12-13,Copenhagen,Christmas market,Christmas market in the old town / city hall square
2025-12-13,Warsaw,Christmas market,Christmas market in the old town / city hall square
2025-12-14,Copenhagen,Christmas market,Christmas market in the old town / city hall square
2025-12-14,Warsaw,Christmas market,Christmas market in the old town / city hall square
2025-12-15,Copenhagen,Christmas market,Christmas market in the old town / city hall square
2025-12-15,Warsaw,Christmas market,Christmas market in the old town / city hall square
2025-12-16,Copenhagen,Christmas market,Christmas market in the old town / city hall square
2025-12-16,Warsaw,Christmas market,Christmas market in the old town / city hall square
2025-12-17,Copenhagen,Christmas market,Christmas market in the old town / city hall square
2025-12-17,Warsaw,Christmas market,Christmas market in the old town / city hall square
2025-12-18,Copenhagen,Christmas market,Christmas market in the old town / city hall square
2025-12-18,Warsaw,Christmas market,Christmas market in the old town / city hall square
2025-12-19,Copenhagen,Christmas market,Christmas market in the old town / city hall square
2025-12-19,Warsaw,Christmas market,Christmas market in the old town / city hall square
2025-12-20,Copenhagen,Christmas market,Christmas market in the old town / city hall square
2025-12-20,Warsaw,Christmas market,Christmas market in the old town / city hall square
2025-12-21,Copenhagen,Christmas market,Christmas market in the old town / city hall square
2025-12-21,Warsaw,Christmas market,Christmas market in the old town / city hall square
2025-12-22,Copenhagen,Christmas market,Christmas market in the old town / city hall square
2025-12-22,Warsaw,Christmas market,Christmas market in the old town / city hall square
2025-12-23,Copenhagen,Christmas market,Christmas market in the old town / city hall square
2025-12-23,Warsaw,Christmas market,Christmas market in the old town / city hall square
