date,eur_dkk,eur_pln
2024-01-01,7.4595,4.32
2024-01-02,7.4599,4.3283
2024-01-03,7.4687,4.3304
2024-01-04,7.455,4.3365
2024-01-05,7.4579,4.3284
2024-01-06,7.4482,4.3259
2024-01-07,7.4585,4.3227
2024-01-08,7.4547,4.3243
2024-01-09,7.4583,4.3156
2024-01-10,7.4598,4.31
2024-01-11,7.4622,4.32
2024-01-12,7.4582,4.3222
2024-01-13,7.4518,4.3277
2024-01-14,7.4616,4.3231
2024-01-15,7.4566,4.3124
2024-01-16,7.4619,4.3081
2024-01-17,7.4614,4.3107
2024-01-18,7.4548,4.2992
2024-01-19,7.4589,4.288
2024-01-20,7.4644,4.2834
2024-01-21,7.4557,4.2847
2024-01-22,7.4621,4.2939
2024-01-23,7.454,4.3063
2024-01-24,7.4498,4.3116
2024-01-25,7.4559,4.3105
2024-01-26,7.4616,4.3128
2024-01-27,7.4555,4.3345
2024-01-28,7.4603,4.3274
2024-01-29,7.4654,4.3204
2024-01-30,7.4486,4.3229
2024-01-31,7.4573,4.3388
2024-02-01,7.4593,4.3471
2024-02-02,7.4608,4.3533
2024-02-03,7.4591,4.3458
2024-02-04,7.459,4.3581
2024-02-05,7.4657,4.3618
2024-02-06,7.4602,4.356
2024-02-07,7.4556,4.3668
2024-02-08,7.4668,4.361
2024-02-09,7.4645,4.3644
2024-02-10,7.4612,4.3689
2024-02-11,7.4617,4.3682
2024-02-12,7.4597,4.363
2024-02-13,7.4559,4.3829
2024-02-14,7.4556,4.3815
2024-02-15,7.4597,4.3872
2024-02-16,7.4564,4.3848
2024-02-17,7.4632,4.3711
2024-02-18,7.4627,4.3785
2024-02-19,7.4561,4.3737
2024-02-20,7.4629,4.3601
2024-02-21,7.4636,4.355
2024-02-22,7.4554,4.3497
2024-02-23,7.4542,4.3431
2024-02-24,7.451,4.3523
2024-02-25,7.4604,4.363
2024-02-26,7.4603,4.3515
2024-02-27,7.4555,4.3604
2024-02-28,7.4637,4.3505
2024-02-29,7.4596,4.3366
2024-03-01,7.4549,4.3345
2024-03-02,7.46,4.3381
2024-03-03,7.4567,4.3188
2024-03-04,7.4584,4.34
2024-03-05,7.4515,4.345
2024-03-06,7.4564,4.3372
2024-03-07,7.4562,4.3159
2024-03-08,7.4556,4.3066
2024-03-09,7.4589,4.3189
2024-03-10,7.4664,4.3111
2024-03-11,7.4611,4.3164
2024-03-12,7.4555,4.3306
2024-03-13,7.4498,4.3282
2024-03-14,7.4543,4.3342
2024-03-15,7.4584,4.3292
2024-03-16,7.456,4.3395
2024-03-17,7.4632,4.3478
2024-03-18,7.4608,4.3449
2024-03-19,7.4545,4.3499
2024-03-20,7.4501,4.3618
2024-03-21,7.4554,4.3697
2024-03-22,7.4545,4.3575
2024-03-23,7.465,4.3498
2024-03-24,7.4596,4.3541
2024-03-25,7.4477,4.3565
2024-03-26,7.4576,4.3643
2024-03-27,7.4591,4.3514
2024-03-28,7.4608,4.3494
2024-03-29,7.4641,4.3752
2024-03-30,7.4582,4.3909
2024-03-31,7.454,4.4007
2024-04-01,7.4584,4.3864
2024-04-02,7.4586,4.3858
2024-04-03,7.4576,4.3986
2024-04-04,7.4612,4.4111
2024-04-05,7.4635,4.4112
2024-04-06,7.4554,4.408
2024-04-07,7.4578,4.4023
2024-04-08,7.4645,4.3862
2024-04-09,7.4638,4.3764
2024-04-10,7.4611,4.3765
2024-04-11,7.4611,4.3874
2024-04-12,7.459,4.3894
2024-04-13,7.4556,4.3885
2024-04-14,7.4512,4.3783
2024-04-15,7.452,4.3734
2024-04-16,7.4627,4.3749
2024-04-17,7.4632,4.3632
2024-04-18,7.451,4.3596
2024-04-19,7.4551,4.3453
2024-04-20,7.4632,4.3397
2024-04-21,7.4588,4.3324
2024-04-22,7.4548,4.334
2024-04-23,7.4559,4.352
2024-04-24,7.4579,4.3392
2024-04-25,7.4595,4.3471
2024-04-26,7.455,4.331
2024-04-27,7.4531,4.3221
2024-04-28,7.4562,4.3185
2024-04-29,7.4621,4.3042
2024-04-30,7.4608,4.2973
2024-05-01,7.4581,4.3037
2024-05-02,7.4543,4.3208
2024-05-03,7.4577,4.3212
2024-05-04,7.4542,4.3227
2024-05-05,7.4596,4.3118
2024-05-06,7.4608,4.3049
2024-05-07,7.4569,4.3124
2024-05-08,7.4562,4.3181
2024-05-09,7.4682,4.3202
2024-05-10,7.459,4.3423
2024-05-11,7.4642,4.3472
2024-05-12,7.456,4.3438
2024-05-13,7.4577,4.3497
2024-05-14,7.4549,4.347
2024-05-15,7.4579,4.345
2024-05-16,7.4664,4.3533
2024-05-17,7.4558,4.3657
2024-05-18,7.4586,4.3683
2024-05-19,7.4633,4.3793
2024-05-20,7.4577,4.3836
2024-05-21,7.4593,4.3839
2024-05-22,7.4605,4.3887
2024-05-23,7.4552,4.3918
2024-05-24,7.4652,4.3929
2024-05-25,7.4576,4.4089
2024-05-26,7.4563,4.4098
2024-05-27,7.4546,4.4149
2024-05-28,7.4551,4.4087
2024-05-29,7.4564,4.4157
2024-05-30,7.4577,4.4261
2024-05-31,7.4621,4.4207
2024-06-01,7.4618,4.4178
2024-06-02,7.457,4.4281
2024-06-03,7.4585,4.4269
2024-06-04,7.4541,4.4297
2024-06-05,7.4493,4.4436
2024-06-06,7.4679,4.4553
2024-06-07,7.454,4.4538
2024-06-08,7.4595,4.4489
2024-06-09,7.4631,4.4479
2024-06-10,7.4587,4.4372
2024-06-11,7.4596,4.4335
2024-06-12,7.4573,4.4449
2024-06-13,7.4528,4.4501
2024-06-14,7.452,4.4441
2024-06-15,7.4579,4.4515
2024-06-16,7.4508,4.4529
2024-06-17,7.4543,4.4545
2024-06-18,7.4601,4.4589
2024-06-19,7.4635,4.469
2024-06-20,7.4586,4.471
2024-06-21,7.4504,4.4823
2024-06-22,7.4604,4.4914
2024-06-23,7.4587,4.4979
2024-06-24,7.4578,4.4836
2024-06-25,7.4552,4.4909
2024-06-26,7.4582,4.4863
2024-06-27,7.4525,4.4786
2024-06-28,7.4547,4.4809
2024-06-29,7.4539,4.4854
2024-06-30,7.4614,4.492
2024-07-01,7.4616,4.4704
2024-07-02,7.4628,4.478
2024-07-03,7.4523,4.4858
2024-07-04,7.4568,4.4874
2024-07-05,7.4584,4.4931
2024-07-06,7.4605,4.491
2024-07-07,7.4598,4.4898
2024-07-08,7.4515,4.477
2024-07-09,7.4473,4.4735
2024-07-10,7.4563,4.4706
2024-07-11,7.4581,4.4634
2024-07-12,7.459,4.4636
2024-07-13,7.4528,4.469
2024-07-14,7.4562,4.4706
2024-07-15,7.4663,4.4728
2024-07-16,7.459,4.4711
2024-07-17,7.4582,4.4691
2024-07-18,7.4528,4.4718
2024-07-19,7.46,4.4732
2024-07-20,7.4565,4.475
2024-07-21,7.4533,4.4733
2024-07-22,7.4549,4.4625
2024-07-23,7.4599,4.4578
2024-07-24,7.4581,4.4785
2024-07-25,7.4505,4.4751
2024-07-26,7.4613,4.4768
2024-07-27,7.4485,4.4794
2024-07-28,7.4621,4.4917
2024-07-29,7.4571,4.4933
2024-07-30,7.4656,4.5094
2024-07-31,7.457,4.5179
2024-08-01,7.461,4.5276
2024-08-02,7.4607,4.5192
2024-08-03,7.4527,4.5135
2024-08-04,7.4607,4.512
2024-08-05,7.4604,4.5242
2024-08-06,7.4488,4.5294
2024-08-07,7.4588,4.5227
2024-08-08,7.4561,4.5238
2024-08-09,7.4617,4.5229
2024-08-10,7.4677,4.5247
2024-08-11,7.4547,4.514
2024-08-12,7.4597,4.5219
2024-08-13,7.4611,4.5297
2024-08-14,7.4544,4.5416
2024-08-15,7.4465,4.5436
2024-08-16,7.4545,4.5444
2024-08-17,7.459,4.5528
2024-08-18,7.4598,4.5568
2024-08-19,7.4584,4.5437
2024-08-20,7.4582,4.5415
2024-08-21,7.4596,4.5493
2024-08-22,7.4559,4.5489
2024-08-23,7.4586,4.5301
2024-08-24,7.4592,4.5386
2024-08-25,7.4631,4.5329
2024-08-26,7.4564,4.5354
2024-08-27,7.4522,4.5353
2024-08-28,7.4554,4.5164
2024-08-29,7.4588,4.5064
2024-08-30,7.4554,4.5091
2024-08-31,7.4649,4.5104
2024-09-01,7.454,4.5004
2024-09-02,7.4549,4.5024
2024-09-03,7.4657,4.4952
2024-09-04,7.4577,4.5018
2024-09-05,7.4588,4.511
2024-09-06,7.4553,4.5061
2024-09-07,7.4691,4.512
2024-09-08,7.4545,4.5126
2024-09-09,7.4716,4.5061
2024-09-10,7.4594,4.5062
2024-09-11,7.461,4.4965
2024-09-12,7.4585,4.5034
2024-09-13,7.4628,4.4926
2024-09-14,7.4535,4.485
2024-09-15,7.4575,4.4972
2024-09-16,7.4509,4.5039
2024-09-17,7.4566,4.5034
2024-09-18,7.4649,4.502
2024-09-19,7.4589,4.4933
2024-09-20,7.4598,4.5042
2024-09-21,7.4628,4.5019
2024-09-22,7.4597,4.5104
2024-09-23,7.4595,4.5205
2024-09-24,7.4598,4.5276
2024-09-25,7.4656,4.5276
2024-09-26,7.4538,4.5212
2024-09-27,7.4595,4.5107
2024-09-28,7.458,4.5059
2024-09-29,7.471,4.5012
2024-09-30,7.4573,4.5048
2024-10-01,7.4585,4.4987
2024-10-02,7.46,4.5081
2024-10-03,7.4563,4.5107
2024-10-04,7.4606,4.5146
2024-10-05,7.4626,4.5186
2024-10-06,7.4588,4.5295
2024-10-07,7.4506,4.5407
2024-10-08,7.4579,4.5408
2024-10-09,7.4595,4.5522
2024-10-10,7.4545,4.5373
2024-10-11,7.4523,4.5452
2024-10-12,7.4593,4.5309
2024-10-13,7.4588,4.5367
2024-10-14,7.4571,4.5296
2024-10-15,7.4578,4.5274
2024-10-16,7.4634,4.5233
2024-10-17,7.4631,4.5285
2024-10-18,7.4617,4.541
2024-10-19,7.4602,4.5249
2024-10-20,7.4589,4.5183
2024-10-21,7.4502,4.5099
2024-10-22,7.4475,4.5178
2024-10-23,7.462,4.5081
2024-10-24,7.4552,4.506
2024-10-25,7.4607,4.5054
2024-10-26,7.4565,4.497
2024-10-27,7.4594,4.5098
2024-10-28,7.4558,4.505
2024-10-29,7.4619,4.5053
2024-10-30,7.4554,4.5088
2024-10-31,7.4605,4.5077
2024-11-01,7.4609,4.5151
2024-11-02,7.4477,4.5126
2024-11-03,7.4635,4.4996
2024-11-04,7.4586,4.4932
2024-11-05,7.4597,4.4834
2024-11-06,7.463,4.4666
2024-11-07,7.458,4.4722
2024-11-08,7.4559,4.4694
2024-11-09,7.4493,4.4723
2024-11-10,7.4608,4.4661
2024-11-11,7.4522,4.469
2024-11-12,7.4537,4.4666
2024-11-13,7.4554,4.4675
2024-11-14,7.4507,4.4868
2024-11-15,7.4602,4.4987
2024-11-16,7.4523,4.5052
2024-11-17,7.4582,4.4903
2024-11-18,7.466,4.4885
2024-11-19,7.4582,4.496
2024-11-20,7.4588,4.5009
2024-11-21,7.4651,4.492
2024-11-22,7.4606,4.4973
2024-11-23,7.4609,4.4946
2024-11-24,7.4599,4.4738
2024-11-25,7.4585,4.4652
2024-11-26,7.4485,4.4482
2024-11-27,7.4565,4.4474
2024-11-28,7.4562,4.4383
2024-11-29,7.4632,4.4408
2024-11-30,7.4599,4.4474
2024-12-01,7.4621,4.4492
2024-12-02,7.4603,4.4523
2024-12-03,7.4551,4.4272
2024-12-04,7.4619,4.426
2024-12-05,7.4711,4.4284
2024-12-06,7.4622,4.4197
2024-12-07,7.4511,4.4227
2024-12-08,7.461,4.4338
2024-12-09,7.4624,4.4445
2024-12-10,7.4584,4.4506
2024-12-11,7.4641,4.4493
2024-12-12,7.4611,4.4517
2024-12-13,7.458,4.4508
2024-12-14,7.4534,4.4546
2024-12-15,7.4525,4.4521
2024-12-16,7.4572,4.4444
2024-12-17,7.4558,4.4521
2024-12-18,7.4551,4.4428
2024-12-19,7.4545,4.4395
2024-12-20,7.4539,4.4321
2024-12-21,7.4618,4.4337
2024-12-22,7.4596,4.4188
2024-12-23,7.4575,4.421
2024-12-24,7.4545,4.4186
2024-12-25,7.4545,4.4203
2024-12-26,7.4576,4.4111
2024-12-27,7.4564,4.4274
2024-12-28,7.4564,4.4373
2024-12-29,7.4538,4.4452
2024-12-30,7.4544,4.4431
2024-12-31,7.454,4.4523
2025-01-01,7.4498,4.4533
2025-01-02,7.4661,4.4532
2025-01-03,7.4604,4.4454
2025-01-04,7.4526,4.4506
2025-01-05,7.4617,4.4512
2025-01-06,7.4629,4.4482
2025-01-07,7.4602,4.4442
2025-01-08,7.4619,4.4437
2025-01-09,7.4595,4.44
2025-01-10,7.461,4.441
2025-01-11,7.4522,4.4423
2025-01-12,7.4663,4.4493
2025-01-13,7.4567,4.4427
2025-01-14,7.4575,4.438
2025-01-15,7.4623,4.4445
2025-01-16,7.458,4.4529
2025-01-17,7.4568,4.4637
2025-01-18,7.466,4.4586
2025-01-19,7.4594,4.4669
2025-01-20,7.4551,4.4792
2025-01-21,7.4537,4.4855
2025-01-22,7.4596,4.4945
2025-01-23,7.4582,4.4929
2025-01-24,7.4653,4.5027
2025-01-25,7.4574,4.4979
2025-01-26,7.4588,4.5015
2025-01-27,7.4594,4.4953
2025-01-28,7.4549,4.4949
2025-01-29,7.4618,4.4868
2025-01-30,7.4577,4.4739
2025-01-31,7.4623,4.4649
2025-02-01,7.4582,4.4617
2025-02-02,7.4532,4.466
2025-02-03,7.4591,4.4671
2025-02-04,7.4468,4.474
2025-02-05,7.4541,4.4924
2025-02-06,7.4557,4.4961
2025-02-07,7.4528,4.4855
2025-02-08,7.4564,4.4827
2025-02-09,7.4559,4.493
2025-02-10,7.464,4.4915
2025-02-11,7.462,4.475
2025-02-12,7.454,4.4775
2025-02-13,7.4666,4.4704
2025-02-14,7.4668,4.4556
2025-02-15,7.4559,4.4516
2025-02-16,7.4552,4.4419
2025-02-17,7.4522,4.453
2025-02-18,7.4665,4.466
2025-02-19,7.4614,4.4796
2025-02-20,7.4552,4.4804
2025-02-21,7.4589,4.4851
2025-02-22,7.4623,4.4819
2025-02-23,7.4609,4.4897
2025-02-24,7.4601,4.5017
2025-02-25,7.4594,4.5096
2025-02-26,7.4536,4.5108
2025-02-27,7.4542,4.5001
2025-02-28,7.4541,4.4902
2025-03-01,7.4517,4.503
2025-03-02,7.4557,4.4891
2025-03-03,7.4595,4.4803
2025-03-04,7.4497,4.4752
2025-03-05,7.4633,4.4747
2025-03-06,7.4623,4.4683
2025-03-07,7.4642,4.4679
2025-03-08,7.4603,4.478
2025-03-09,7.4565,4.4775
2025-03-10,7.4543,4.4695
2025-03-11,7.4602,4.4629
2025-03-12,7.4623,4.4617
2025-03-13,7.4652,4.4648
2025-03-14,7.4597,4.4659
2025-03-15,7.4609,4.4803
2025-03-16,7.4597,4.4716
2025-03-17,7.4622,4.4771
2025-03-18,7.4644,4.475
2025-03-19,7.4554,4.4751
2025-03-20,7.4579,4.4741
2025-03-21,7.4557,4.4796
2025-03-22,7.4565,4.4804
2025-03-23,7.4568,4.4888
2025-03-24,7.4669,4.4864
2025-03-25,7.4593,4.4703
2025-03-26,7.4573,4.4545
2025-03-27,7.4575,4.4553
2025-03-28,7.4643,4.4437
2025-03-29,7.4573,4.4503
2025-03-30,7.4549,4.4571
2025-03-31,7.4494,4.4433
2025-04-01,7.4537,4.4482
2025-04-02,7.4553,4.4334
2025-04-03,7.455,4.4295
2025-04-04,7.4525,4.4247
2025-04-05,7.4582,4.4215
2025-04-06,7.4581,4.4188
2025-04-07,7.4518,4.4072
2025-04-08,7.4654,4.4114
2025-04-09,7.4549,4.4189
2025-04-10,7.4543,4.4141
2025-04-11,7.4557,4.42
2025-04-12,7.4567,4.4169
2025-04-13,7.4508,4.4031
2025-04-14,7.4613,4.381
2025-04-15,7.4601,4.3886
2025-04-16,7.4589,4.3851
2025-04-17,7.4561,4.3861
2025-04-18,7.4543,4.3798
2025-04-19,7.4576,4.3723
2025-04-20,7.4519,4.368
2025-04-21,7.4508,4.3641
2025-04-22,7.4547,4.3695
2025-04-23,7.4539,4.3553
2025-04-24,7.4533,4.3478
2025-04-25,7.4582,4.3499
2025-04-26,7.4595,4.3504
2025-04-27,7.4605,4.351
2025-04-28,7.4544,4.337
2025-04-29,7.4587,4.3244
2025-04-30,7.4605,4.3241
2025-05-01,7.4566,4.3322
2025-05-02,7.4549,4.3249
2025-05-03,7.4606,4.3314
2025-05-04,7.4547,4.3375
2025-05-05,7.4615,4.3287
2025-05-06,7.4619,4.3342
2025-05-07,7.464,4.3405
2025-05-08,7.4622,4.3363
2025-05-09,7.4579,4.3384
2025-05-10,7.4564,4.3292
2025-05-11,7.4558,4.3301
2025-05-12,7.4584,4.3332
2025-05-13,7.462,4.3332
2025-05-14,7.4619,4.3253
2025-05-15,7.4605,4.3231
2025-05-16,7.4589,4.3354
2025-05-17,7.454,4.3442
2025-05-18,7.4571,4.3348
2025-05-19,7.4539,4.3332
2025-05-20,7.4596,4.343
2025-05-21,7.4556,4.345
2025-05-22,7.4513,4.3491
2025-05-23,7.4601,4.3551
2025-05-24,7.4589,4.3555
2025-05-25,7.4631,4.3618
2025-05-26,7.4628,4.3624
2025-05-27,7.4574,4.359
2025-05-28,7.4565,4.3514
2025-05-29,7.4517,4.3577
2025-05-30,7.4615,4.3579
2025-05-31,7.4585,4.3636
2025-06-01,7.4643,4.3572
2025-06-02,7.4607,4.3666
2025-06-03,7.4645,4.3622
2025-06-04,7.4612,4.3689
2025-06-05,7.46,4.3653
2025-06-06,7.4561,4.3564
2025-06-07,7.4555,4.3541
2025-06-08,7.4543,4.357
2025-06-09,7.4584,4.3651
2025-06-10,7.4532,4.3612
2025-06-11,7.4613,4.3654
2025-06-12,7.4662,4.3624
2025-06-13,7.4586,4.3594
2025-06-14,7.4569,4.3656
2025-06-15,7.4609,4.3614
2025-06-16,7.4549,4.3604
2025-06-17,7.4601,4.3589
2025-06-18,7.4586,4.3587
2025-06-19,7.4652,4.3525
2025-06-20,7.4608,4.3466
2025-06-21,7.4575,4.3622
2025-06-22,7.462,4.3602
2025-06-23,7.4575,4.3613
2025-06-24,7.4561,4.37
2025-06-25,7.4683,4.3795
2025-06-26,7.4549,4.401
2025-06-27,7.4602,4.4018
2025-06-28,7.4605,4.3837
2025-06-29,7.4561,4.3926
2025-06-30,7.459,4.3947
2025-07-01,7.4569,4.3854
2025-07-02,7.4603,4.3841
2025-07-03,7.4567,4.3873
2025-07-04,7.4588,4.3914
2025-07-05,7.4588,4.3818
2025-07-06,7.4634,4.3908
2025-07-07,7.4596,4.3961
2025-07-08,7.4633,4.3844
2025-07-09,7.4554,4.3953
2025-07-10,7.454,4.4014
2025-07-11,7.455,4.4025
2025-07-12,7.4532,4.3856
2025-07-13,7.4566,4.3919
2025-07-14,7.4565,4.4001
2025-07-15,7.465,4.3937
2025-07-16,7.4616,4.4086
2025-07-17,7.4586,4.4074
2025-07-18,7.4561,4.4131
2025-07-19,7.4483,4.4144
2025-07-20,7.4586,4.4239
2025-07-21,7.4631,4.421
2025-07-22,7.4566,4.4201
2025-07-23,7.4586,4.4257
2025-07-24,7.4572,4.4269
2025-07-25,7.4544,4.4231
2025-07-26,7.4542,4.425
2025-07-27,7.4611,4.4247
2025-07-28,7.4669,4.4238
2025-07-29,7.4614,4.4146
2025-07-30,7.4517,4.4213
2025-07-31,7.4543,4.4233
2025-08-01,7.4536,4.4221
2025-08-02,7.4612,4.4226
2025-08-03,7.4583,4.4179
2025-08-04,7.4641,4.4122
2025-08-05,7.4615,4.4169
2025-08-06,7.4612,4.4202
2025-08-07,7.4526,4.4208
2025-08-08,7.4643,4.4226
2025-08-09,7.4509,4.4293
2025-08-10,7.4607,4.4113
2025-08-11,7.4569,4.4144
2025-08-12,7.4641,4.4118
2025-08-13,7.4677,4.409
2025-08-14,7.462,4.4108
2025-08-15,7.4511,4.4264
2025-08-16,7.4578,4.4299
2025-08-17,7.4573,4.4448
2025-08-18,7.4475,4.4601
2025-08-19,7.4535,4.457
2025-08-20,7.4592,4.4593
2025-08-21,7.4584,4.4733
2025-08-22,7.4609,4.4734
2025-08-23,7.4601,4.4636
2025-08-24,7.4524,4.4653
2025-08-25,7.4506,4.4525
2025-08-26,7.4573,4.441
2025-08-27,7.4577,4.4368
2025-08-28,7.4576,4.4303
2025-08-29,7.4577,4.4251
2025-08-30,7.4644,4.4261
2025-08-31,7.4611,4.4217
2025-09-01,7.4547,4.4224
2025-09-02,7.4683,4.4224
2025-09-03,7.462,4.4179
2025-09-04,7.4575,4.4171
2025-09-05,7.4599,4.4292
2025-09-06,7.457,4.4264
2025-09-07,7.4528,4.4324
2025-09-08,7.4559,4.4257
2025-09-09,7.4624,4.4083
2025-09-10,7.4595,4.3941
2025-09-11,7.4634,4.3956
2025-09-12,7.4521,4.3784
2025-09-13,7.462,4.3675
2025-09-14,7.4573,4.3539
2025-09-15,7.4539,4.3649
2025-09-16,7.4577,4.3679
2025-09-17,7.4615,4.3716
2025-09-18,7.4636,4.3764
2025-09-19,7.4543,4.3745
2025-09-20,7.4563,4.3742
2025-09-21,7.46,4.3783
2025-09-22,7.4576,4.3685
2025-09-23,7.4644,4.3689
2025-09-24,7.4562,4.3843
2025-09-25,7.4568,4.3787
2025-09-26,7.4554,4.3678
2025-09-27,7.4577,4.3635
2025-09-28,7.4594,4.3724
2025-09-29,7.4621,4.3644
2025-09-30,7.4655,4.3581
2025-10-01,7.4553,4.3599
2025-10-02,7.4522,4.3636
2025-10-03,7.4582,4.3706
2025-10-04,7.4585,4.3751
2025-10-05,7.4666,4.3717
2025-10-06,7.4634,4.3668
2025-10-07,7.4539,4.3723
2025-10-08,7.4666,4.3761
2025-10-09,7.4564,4.3699
2025-10-10,7.4532,4.3693
2025-10-11,7.4612,4.3642
2025-10-12,7.4595,4.3625
2025-10-13,7.4631,4.3648
2025-10-14,7.4541,4.3583
2025-10-15,7.455,4.3596
2025-10-16,7.4531,4.3566
2025-10-17,7.459,4.3512
2025-10-18,7.4588,4.3475
2025-10-19,7.4564,4.3501
2025-10-20,7.4573,4.3467
2025-10-21,7.457,4.3497
2025-10-22,7.4603,4.3496
2025-10-23,7.4621,4.3509
2025-10-24,7.4565,4.3484
2025-10-25,7.4538,4.3502
2025-10-26,7.4546,4.3474
2025-10-27,7.4547,4.3526
2025-10-28,7.4566,4.343
2025-10-29,7.4576,4.3467
2025-10-30,7.4647,4.3305
2025-10-31,7.4577,4.3336
2025-11-01,7.4501,4.3218
2025-11-02,7.4549,4.3314
2025-11-03,7.4539,4.323
2025-11-04,7.4557,4.3237
2025-11-05,7.4576,4.3246
2025-11-06,7.4583,4.324
2025-11-07,7.4548,4.3155
2025-11-08,7.4568,4.3126
2025-11-09,7.4536,4.3107
2025-11-10,7.4571,4.3242
2025-11-11,7.4589,4.3249
2025-11-12,7.4549,4.3316
2025-11-13,7.451,4.3237
2025-11-14,7.4596,4.3158
2025-11-15,7.4577,4.3136
2025-11-16,7.4546,4.3009
2025-11-17,7.4607,4.3062
2025-11-18,7.4541,4.3128
2025-11-19,7.456,4.3137
2025-11-20,7.4571,4.3108
2025-11-21,7.4581,4.3134
2025-11-22,7.4634,4.3116
2025-11-23,7.4592,4.3113
2025-11-24,7.4519,4.3192
2025-11-25,7.4583,4.3363
2025-11-26,7.4499,4.3482
2025-11-27,7.4608,4.3364
2025-11-28,7.4613,4.3176
2025-11-29,7.4534,4.3109
2025-11-30,7.4521,4.305
2025-12-01,7.4536,4.2977
2025-12-02,7.4543,4.2999
2025-12-03,7.461,4.2959
2025-12-04,7.4539,4.2947
2025-12-05,7.4589,4.3016
2025-12-06,7.4539,4.2925
2025-12-07,7.4595,4.301
2025-12-08,7.4503,4.2992
2025-12-09,7.4554,4.2913
2025-12-10,7.4603,4.2956
2025-12-11,7.4554,4.3039
2025-12-12,7.456,4.3157
2025-12-13,7.4626,4.3108
2025-12-14,7.4619,4.3057
2025-12-15,7.4598,4.3111
2025-12-16,7.4567,4.3076
2025-12-17,7.4528,4.3067
2025-12-18,7.4614,4.3017
2025-12-19,7.4549,4.2925
2025-12-20,7.4579,4.2904
2025-12-21,7.4586,4.2914
2025-12-22,7.4589,4.2945
2025-12-23,7.4571,4.2959
2025-12-24,7.4605,4.298
2025-12-25,7.4584,4.3039
2025-12-26,7.4544,4.3023
2025-12-27,7.4552,4.3044
2025-12-28,7.4619,4.3006
2025-12-29,7.453,4.306
2025-12-30,7.4587,4.3115
2025-12-31,7.4522,4.2972
