date,city,temp_c,rain_mm,sunshine_hours,storm_warning
2024-01-01,Copenhagen,1.4,0.4,0.0,no
2024-01-02,Copenhagen,2.6,3.5,1.7,no
2024-01-03,Copenhagen,1.7,2.6,2.3,no
2024-01-04,Copenhagen,-0.2,3.5,0.6,no
2024-01-05,Copenhagen,-0.7,3.0,0.8,no
2024-01-06,Copenhagen,-0.3,0.3,3.5,no
2024-01-07,Copenhagen,-0.3,0.4,0.0,no
2024-01-08,Copenhagen,-1.0,0.8,1.5,no
2024-01-09,Copenhagen,-3.2,0.0,3.4,no
2024-01-10,Copenhagen,-3.6,0.0,0.8,no
2024-01-11,Copenhagen,0.2,0.0,4.2,no
2024-01-12,Copenhagen,-2.4,9.5,0.5,no
2024-01-13,Copenhagen,-2.1,0.0,1.9,no
2024-01-14,Copenhagen,-0.2,0.0,3.9,no
2024-01-15,Copenhagen,-2.1,0.0,3.7,no
2024-01-16,Copenhagen,-3.0,0.0,3.1,no
2024-01-17,Copenhagen,0.4,0.0,1.1,no
2024-01-18,Copenhagen,0.4,0.0,6.4,no
2024-01-19,Copenhagen,1.8,17.9,0.0,yes
2024-01-20,Copenhagen,-2.8,0.0,2.1,no
2024-01-21,Copenhagen,-3.2,0.0,2.2,no
2024-01-22,Copenhagen,-5.4,8.5,1.0,no
2024-01-23,Copenhagen,-1.0,0.0,5.9,no
2024-01-24,Copenhagen,0.8,0.4,1.6,no
2024-01-25,Copenhagen,2.9,0.0,4.4,no
2024-01-26,Copenhagen,2.4,0.0,3.7,no
2024-01-27,Copenhagen,1.6,5.6,0.6,no
2024-01-28,Copenhagen,1.8,3.8,3.1,no
2024-01-29,Copenhagen,3.5,0.0,7.2,no
2024-01-30,Copenhagen,4.4,0.0,3.5,no
2024-01-31,Copenhagen,3.4,1.0,2.8,no
2024-02-01,Copenhagen,2.4,0.0,3.8,no
2024-02-02,Copenhagen,2.9,0.0,4.4,no
2024-02-03,Copenhagen,-0.3,7.0,2.1,no
2024-02-04,Copenhagen,0.3,3.9,0.0,no
2024-02-05,Copenhagen,2.7,3.4,4.7,no
2024-02-06,Copenhagen,1.7,5.2,0.3,no
2024-02-07,Copenhagen,2.1,0.0,1.1,no
2024-02-08,Copenhagen,1.5,8.8,2.4,no
2024-02-09,Copenhagen,2.6,1.0,0.5,no
2024-02-10,Copenhagen,1.6,3.9,2.1,no
2024-02-11,Copenhagen,-1.5,1.8,2.5,no
2024-02-12,Copenhagen,-2.5,2.7,0.0,no
2024-02-13,Copenhagen,-1.7,3.2,0.0,no
2024-02-14,Copenhagen,-2.3,1.4,1.3,no
2024-02-15,Copenhagen,-0.7,0.0,0.7,no
2024-02-16,Copenhagen,-1.2,0.6,4.3,no
2024-02-17,Copenhagen,-3.8,4.2,3.5,no
2024-02-18,Copenhagen,-0.9,2.2,2.2,no
2024-02-19,Copenhagen,1.0,5.3,1.4,no
2024-02-20,Copenhagen,-1.4,0.0,3.9,no
2024-02-21,Copenhagen,2.5,2.4,1.6,no
2024-02-22,Copenhagen,2.1,1.4,0.0,no
2024-02-23,Copenhagen,0.2,0.0,1.4,no
2024-02-24,Copenhagen,-0.1,0.0,8.1,no
2024-02-25,Copenhagen,1.9,5.1,0.2,no
2024-02-26,Copenhagen,0.2,0.3,0.0,no
2024-02-27,Copenhagen,1.8,0.0,6.7,no
2024-02-28,Copenhagen,3.4,0.0,1.8,no
2024-02-29,Copenhagen,1.4,0.0,9.7,no
2024-03-01,Copenhagen,2.6,0.0,2.8,no
2024-03-02,Copenhagen,3.1,0.0,7.8,no
2024-03-03,Copenhagen,2.4,2.0,0.0,no
2024-03-04,Copenhagen,2.6,2.1,3.3,no
2024-03-05,Copenhagen,3.2,0.0,6.4,no
2024-03-06,Copenhagen,1.5,0.0,3.3,no
2024-03-07,Copenhagen,0.9,9.5,2.3,no
2024-03-08,Copenhagen,5.6,0.3,5.0,no
2024-03-09,Copenhagen,3.1,1.3,0.5,no
2024-03-10,Copenhagen,3.4,0.0,5.3,no
2024-03-11,Copenhagen,4.6,8.7,3.1,no
2024-03-12,Copenhagen,5.2,0.0,9.4,no
2024-03-13,Copenhagen,3.9,5.7,3.5,no
2024-03-14,Copenhagen,5.6,1.8,2.8,no
2024-03-15,Copenhagen,5.3,0.0,2.9,no
2024-03-16,Copenhagen,6.4,0.3,3.7,no
2024-03-17,Copenhagen,5.2,1.1,1.9,no
2024-03-18,Copenhagen,4.8,0.0,8.2,no
2024-03-19,Copenhagen,6.9,0.0,10.2,no
2024-03-20,Copenhagen,4.1,5.6,0.8,no
2024-03-21,Copenhagen,8.8,7.9,0.0,no
2024-03-22,Copenhagen,7.0,0.0,1.4,no
2024-03-23,Copenhagen,8.4,20.4,1.7,no
2024-03-24,Copenhagen,8.3,0.0,5.5,no
2024-03-25,Copenhagen,4.4,0.0,6.4,no
2024-03-26,Copenhagen,3.9,2.3,0.0,no
2024-03-27,Copenhagen,-0.3,0.0,6.3,no
2024-03-28,Copenhagen,2.5,0.0,2.1,no
2024-03-29,Copenhagen,1.3,0.0,7.5,no
2024-03-30,Copenhagen,6.3,0.0,7.8,no
2024-03-31,Copenhagen,6.8,0.0,10.7,no
2024-04-01,Copenhagen,7.5,0.0,7.0,no
2024-04-02,Copenhagen,4.4,0.0,4.4,no
2024-04-03,Copenhagen,4.8,4.3,2.8,no
2024-04-04,Copenhagen,6.8,12.8,1.8,no
2024-04-05,Copenhagen,8.5,4.3,0.0,no
2024-04-06,Copenhagen,4.9,0.0,5.3,no
2024-04-07,Copenhagen,6.9,0.0,4.8,no
2024-04-08,Copenhagen,7.0,0.0,8.3,no
2024-04-09,Copenhagen,10.0,0.0,6.2,no
2024-04-10,Copenhagen,10.2,0.0,10.4,no
2024-04-11,Copenhagen,9.6,0.0,9.3,no
2024-04-12,Copenhagen,10.5,0.0,10.3,no
2024-04-13,Copenhagen,7.6,10.3,0.0,no
2024-04-14,Copenhagen,3.5,0.0,1.8,no
2024-04-15,Copenhagen,6.0,0.0,12.4,no
2024-04-16,Copenhagen,3.8,8.6,5.0,no
2024-04-17,Copenhagen,3.9,0.0,8.8,no
2024-04-18,Copenhagen,7.0,6.2,0.0,no
2024-04-19,Copenhagen,8.5,4.2,0.0,no
2024-04-20,Copenhagen,8.5,1.2,0.0,no
2024-04-21,Copenhagen,6.8,0.0,2.8,no
2024-04-22,Copenhagen,11.1,0.0,2.9,no
2024-04-23,Copenhagen,9.0,0.0,4.9,no
2024-04-24,Copenhagen,8.9,0.0,10.2,no
2024-04-25,Copenhagen,10.3,2.3,0.3,no
2024-04-26,Copenhagen,10.4,0.0,11.6,no
2024-04-27,Copenhagen,7.6,0.0,4.6,no
2024-04-28,Copenhagen,9.7,0.0,10.7,no
2024-04-29,Copenhagen,10.6,1.4,6.4,no
2024-04-30,Copenhagen,9.1,0.0,10.4,no
2024-05-01,Copenhagen,9.0,0.4,5.9,no
2024-05-02,Copenhagen,11.0,0.2,0.0,no
2024-05-03,Copenhagen,10.9,0.0,5.8,no
2024-05-04,Copenhagen,7.0,0.0,6.7,no
2024-05-05,Copenhagen,8.1,0.9,3.0,no
2024-05-06,Copenhagen,14.9,0.4,1.8,no
2024-05-07,Copenhagen,16.9,2.3,5.7,no
2024-05-08,Copenhagen,14.5,0.0,3.1,no
2024-05-09,Copenhagen,11.6,0.7,5.2,no
2024-05-10,Copenhagen,12.7,0.0,10.9,no
2024-05-11,Copenhagen,14.0,0.6,2.9,no
2024-05-12,Copenhagen,12.3,7.7,6.3,no
2024-05-13,Copenhagen,14.1,1.8,0.0,no
2024-05-14,Copenhagen,13.0,0.0,9.7,no
2024-05-15,Copenhagen,13.5,0.0,1.7,no
2024-05-16,Copenhagen,16.1,0.0,12.8,no
2024-05-17,Copenhagen,16.8,5.5,0.0,no
2024-05-18,Copenhagen,14.5,9.9,0.0,no
2024-05-19,Copenhagen,15.1,0.0,14.7,no
2024-05-20,Copenhagen,15.5,2.3,9.9,no
2024-05-21,Copenhagen,13.6,0.0,5.6,no
2024-05-22,Copenhagen,14.4,0.0,4.6,no
2024-05-23,Copenhagen,11.8,14.0,1.8,no
2024-05-24,Copenhagen,12.9,0.0,3.2,no
2024-05-25,Copenhagen,14.9,0.0,1.2,no
2024-05-26,Copenhagen,15.2,0.0,12.3,no
2024-05-27,Copenhagen,13.9,0.0,10.3,no
2024-05-28,Copenhagen,12.8,1.9,0.0,no
2024-05-29,Copenhagen,11.7,0.0,10.5,no
2024-05-30,Copenhagen,12.7,0.0,10.4,no
2024-05-31,Copenhagen,14.0,0.0,1.5,no
2024-06-01,Copenhagen,13.6,0.0,6.6,no
2024-06-02,Copenhagen,11.4,1.8,7.5,no
2024-06-03,Copenhagen,12.9,0.5,9.2,no
2024-06-04,Copenhagen,13.6,0.0,3.2,no
2024-06-05,Copenhagen,11.9,11.6,1.1,no
2024-06-06,Copenhagen,9.4,1.8,2.1,no
2024-06-07,Copenhagen,10.3,0.0,8.8,no
2024-06-08,Copenhagen,14.3,0.0,14.5,no
2024-06-09,Copenhagen,11.6,0.0,8.8,no
2024-06-10,Copenhagen,12.2,0.0,0.3,no
2024-06-11,Copenhagen,12.2,0.0,1.0,no
2024-06-12,Copenhagen,13.0,3.7,4.6,no
2024-06-13,Copenhagen,12.8,0.0,13.7,no
2024-06-14,Copenhagen,12.2,0.0,10.2,no
2024-06-15,Copenhagen,11.1,0.0,11.8,no
2024-06-16,Copenhagen,15.6,0.0,7.1,no
2024-06-17,Copenhagen,18.5,0.0,11.5,no
2024-06-18,Copenhagen,21.9,0.0,5.1,no
2024-06-19,Copenhagen,18.9,13.5,0.0,no
2024-06-20,Copenhagen,15.0,0.8,0.0,no
2024-06-21,Copenhagen,15.3,0.2,7.4,no
2024-06-22,Copenhagen,19.3,0.0,6.4,no
2024-06-23,Copenhagen,18.8,5.4,5.2,no
2024-06-24,Copenhagen,19.6,0.0,7.6,no
2024-06-25,Copenhagen,19.5,0.0,0.7,no
2024-06-26,Copenhagen,17.7,0.0,2.4,no
2024-06-27,Copenhagen,18.9,1.6,3.1,no
2024-06-28,Copenhagen,18.6,0.0,7.5,no
2024-06-29,Copenhagen,16.0,0.0,1.8,no
2024-06-30,Copenhagen,17.7,13.8,9.6,no
2024-07-01,Copenhagen,15.3,0.0,10.8,no
2024-07-02,Copenhagen,15.0,3.0,0.7,no
2024-07-03,Copenhagen,17.9,0.5,0.0,no
2024-07-04,Copenhagen,17.9,1.2,6.2,no
2024-07-05,Copenhagen,16.2,0.0,15.0,no
2024-07-06,Copenhagen,16.5,2.2,1.9,no
2024-07-07,Copenhagen,18.5,1.1,0.0,no
2024-07-08,Copenhagen,15.5,1.3,5.8,no
2024-07-09,Copenhagen,17.3,0.0,9.1,no
2024-07-10,Copenhagen,17.5,2.2,3.1,no
2024-07-11,Copenhagen,20.0,0.0,4.0,no
2024-07-12,Copenhagen,19.2,14.7,1.8,no
2024-07-13,Copenhagen,16.3,0.0,7.8,no
2024-07-14,Copenhagen,17.4,0.7,4.0,no
2024-07-15,Copenhagen,20.1,0.0,15.0,no
2024-07-16,Copenhagen,20.1,0.0,7.1,no
2024-07-17,Copenhagen,19.4,2.2,6.4,no
2024-07-18,Copenhagen,21.8,2.1,5.5,no
2024-07-19,Copenhagen,19.9,14.2,3.3,no
2024-07-20,Copenhagen,18.1,0.0,3.0,no
2024-07-21,Copenhagen,18.8,10.0,0.0,no
2024-07-22,Copenhagen,17.3,0.0,12.3,no
2024-07-23,Copenhagen,18.6,0.0,14.7,no
2024-07-24,Copenhagen,18.0,0.0,12.8,no
2024-07-25,Copenhagen,16.2,0.3,3.0,no
2024-07-26,Copenhagen,15.4,0.0,5.4,no
2024-07-27,Copenhagen,17.6,1.1,0.0,no
2024-07-28,Copenhagen,15.7,10.4,1.1,no
2024-07-29,Copenhagen,16.7,6.9,8.7,no
2024-07-30,Copenhagen,15.6,4.9,8.3,no
2024-07-31,Copenhagen,18.2,1.4,9.3,no
2024-08-01,Copenhagen,18.4,0.0,4.8,no
2024-08-02,Copenhagen,19.8,2.5,0.0,no
2024-08-03,Copenhagen,18.9,0.0,5.1,no
2024-08-04,Copenhagen,16.8,0.0,6.9,no
2024-08-05,Copenhagen,20.5,0.0,10.9,no
2024-08-06,Copenhagen,15.0,0.4,4.5,no
2024-08-07,Copenhagen,12.7,0.0,7.8,no
2024-08-08,Copenhagen,13.5,0.0,6.1,no
2024-08-09,Copenhagen,11.3,0.5,5.8,no
2024-08-10,Copenhagen,13.1,0.4,0.8,no
2024-08-11,Copenhagen,16.4,13.4,0.0,no
2024-08-12,Copenhagen,15.8,2.1,7.6,no
2024-08-13,Copenhagen,18.2,0.0,11.5,no
2024-08-14,Copenhagen,20.0,0.0,9.4,no
2024-08-15,Copenhagen,18.8,1.8,2.3,no
2024-08-16,Copenhagen,17.5,0.0,10.3,no
2024-08-17,Copenhagen,18.2,0.0,5.5,no
2024-08-18,Copenhagen,12.9,0.0,4.3,no
2024-08-19,Copenhagen,14.0,0.0,6.5,no
2024-08-20,Copenhagen,14.6,0.0,4.1,no
2024-08-21,Copenhagen,14.3,0.0,8.8,no
2024-08-22,Copenhagen,13.5,0.0,10.6,no
2024-08-23,Copenhagen,12.8,10.3,6.5,no
2024-08-24,Copenhagen,13.2,0.0,11.2,no
2024-08-25,Copenhagen,10.9,1.0,0.0,no
2024-08-26,Copenhagen,13.2,0.0,7.9,no
2024-08-27,Copenhagen,13.8,3.4,2.6,no
2024-08-28,Copenhagen,13.5,0.1,7.5,no
2024-08-29,Copenhagen,16.7,0.0,9.6,no
2024-08-30,Copenhagen,18.2,1.6,5.7,no
2024-08-31,Copenhagen,16.0,0.0,5.0,no
2024-09-01,Copenhagen,16.4,0.0,9.9,no
2024-09-02,Copenhagen,13.0,0.0,11.0,no
2024-09-03,Copenhagen,14.3,0.0,7.2,no
2024-09-04,Copenhagen,15.0,0.0,5.0,no
2024-09-05,Copenhagen,13.2,1.6,0.0,no
2024-09-06,Copenhagen,11.4,0.0,8.6,no
2024-09-07,Copenhagen,8.8,0.0,10.4,no
2024-09-08,Copenhagen,9.5,8.3,2.4,no
2024-09-09,Copenhagen,8.8,1.6,2.3,no
2024-09-10,Copenhagen,9.9,1.6,1.2,no
2024-09-11,Copenhagen,12.0,0.9,4.3,no
2024-09-12,Copenhagen,14.8,0.5,0.0,no
2024-09-13,Copenhagen,14.1,0.0,4.0,no
2024-09-14,Copenhagen,12.7,0.0,5.2,no
2024-09-15,Copenhagen,11.8,10.9,0.0,no
2024-09-16,Copenhagen,12.2,3.5,1.7,no
2024-09-17,Copenhagen,13.0,0.0,1.1,no
2024-09-18,Copenhagen,12.9,2.4,3.6,no
2024-09-19,Copenhagen,12.1,4.1,3.9,no
2024-09-20,Copenhagen,13.4,0.0,7.3,no
2024-09-21,Copenhagen,9.5,4.6,2.8,no
2024-09-22,Copenhagen,6.5,0.0,3.8,no
2024-09-23,Copenhagen,8.7,0.0,2.5,no
2024-09-24,Copenhagen,12.5,5.2,0.9,no
2024-09-25,Copenhagen,10.3,0.7,0.0,no
2024-09-26,Copenhagen,9.9,0.0,8.4,no
2024-09-27,Copenhagen,7.6,0.0,9.1,no
2024-09-28,Copenhagen,10.5,0.0,2.2,no
2024-09-29,Copenhagen,9.0,2.5,2.5,no
2024-09-30,Copenhagen,10.7,0.0,2.8,no
2024-10-01,Copenhagen,9.6,0.0,4.0,no
2024-10-02,Copenhagen,10.4,0.0,4.2,no
2024-10-03,Copenhagen,12.7,0.0,4.0,no
2024-10-04,Copenhagen,10.9,0.0,5.6,no
2024-10-05,Copenhagen,10.1,2.3,0.0,no
2024-10-06,Copenhagen,7.8,0.0,2.3,no
2024-10-07,Copenhagen,6.8,3.5,0.0,no
2024-10-08,Copenhagen,7.2,0.4,0.0,no
2024-10-09,Copenhagen,9.1,0.5,0.5,no
2024-10-10,Copenhagen,8.2,2.2,2.7,no
2024-10-11,Copenhagen,12.2,2.0,1.1,no
2024-10-12,Copenhagen,9.2,0.0,8.0,no
2024-10-13,Copenhagen,8.9,0.0,2.1,no
2024-10-14,Copenhagen,9.8,8.5,2.7,no
2024-10-15,Copenhagen,9.6,3.1,0.0,no
2024-10-16,Copenhagen,7.6,0.0,5.1,no
2024-10-17,Copenhagen,7.7,0.0,1.4,no
2024-10-18,Copenhagen,10.0,1.3,3.9,no
2024-10-19,Copenhagen,7.7,0.0,6.8,no
2024-10-20,Copenhagen,8.2,30.5,0.0,yes
2024-10-21,Copenhagen,5.8,20.0,0.5,no
2024-10-22,Copenhagen,8.7,10.3,0.6,no
2024-10-23,Copenhagen,5.6,0.0,3.4,no
2024-10-24,Copenhagen,4.9,7.7,1.9,no
2024-10-25,Copenhagen,5.4,4.6,3.6,no
2024-10-26,Copenhagen,6.9,0.0,3.4,no
2024-10-27,Copenhagen,3.4,0.0,8.9,no
2024-10-28,Copenhagen,3.6,0.0,8.3,no
2024-10-29,Copenhagen,5.5,1.5,0.0,no
2024-10-30,Copenhagen,4.6,1.9,0.5,no
2024-10-31,Copenhagen,1.0,0.0,5.0,no
2024-11-01,Copenhagen,2.5,0.0,3.7,no
2024-11-02,Copenhagen,1.1,0.0,5.5,no
2024-11-03,Copenhagen,5.4,6.8,3.2,no
2024-11-04,Copenhagen,8.8,6.3,4.1,no
2024-11-05,Copenhagen,3.4,5.6,0.0,no
2024-11-06,Copenhagen,0.4,0.0,5.7,no
2024-11-07,Copenhagen,1.6,0.8,0.0,no
2024-11-08,Copenhagen,5.3,2.0,3.5,no
2024-11-09,Copenhagen,5.6,0.0,0.5,no
2024-11-10,Copenhagen,5.3,0.0,7.5,no
2024-11-11,Copenhagen,5.4,0.0,1.2,no
2024-11-12,Copenhagen,3.1,2.0,2.1,no
2024-11-13,Copenhagen,3.9,7.8,2.2,no
2024-11-14,Copenhagen,2.7,2.9,1.0,no
2024-11-15,Copenhagen,5.7,0.0,2.9,no
2024-11-16,Copenhagen,5.2,4.5,4.9,no
2024-11-17,Copenhagen,-0.1,29.4,0.0,yes
2024-11-18,Copenhagen,1.8,0.0,6.8,no
2024-11-19,Copenhagen,3.2,0.0,3.7,no
2024-11-20,Copenhagen,0.6,0.0,4.4,no
2024-11-21,Copenhagen,2.6,25.1,0.0,yes
2024-11-22,Copenhagen,2.9,1.4,3.2,no
2024-11-23,Copenhagen,2.2,2.9,2.5,no
2024-11-24,Copenhagen,3.8,0.7,3.5,no
2024-11-25,Copenhagen,1.9,0.0,4.7,no
2024-11-26,Copenhagen,3.7,0.0,5.9,no
2024-11-27,Copenhagen,2.1,3.8,2.3,no
2024-11-28,Copenhagen,5.5,0.0,4.4,no
2024-11-29,Copenhagen,4.6,0.2,0.7,no
2024-11-30,Copenhagen,4.9,0.0,4.9,no
2024-12-01,Copenhagen,5.2,8.6,1.3,no
2024-12-02,Copenhagen,5.9,1.6,2.2,no
2024-12-03,Copenhagen,4.6,2.9,2.2,no
2024-12-04,Copenhagen,2.6,0.0,3.2,no
2024-12-05,Copenhagen,5.8,9.5,0.0,no
2024-12-06,Copenhagen,3.7,12.9,1.6,no
2024-12-07,Copenhagen,1.6,0.0,3.1,no
2024-12-08,Copenhagen,0.4,0.0,2.1,no
2024-12-09,Copenhagen,3.2,0.0,2.5,no
2024-12-10,Copenhagen,4.3,6.3,3.0,no
2024-12-11,Copenhagen,3.6,0.0,2.4,no
2024-12-12,Copenhagen,4.2,0.0,5.7,no
2024-12-13,Copenhagen,4.4,3.1,1.8,no
2024-12-14,Copenhagen,3.2,6.2,0.0,no
2024-12-15,Copenhagen,0.8,0.0,2.7,no
2024-12-16,Copenhagen,1.2,0.0,3.5,no
2024-12-17,Copenhagen,2.5,6.2,1.5,no
2024-12-18,Copenhagen,3.9,13.7,0.3,no
2024-12-19,Copenhagen,5.6,0.0,1.2,no
2024-12-20,Copenhagen,9.5,6.3,0.1,no
2024-12-21,Copenhagen,8.7,0.0,6.0,no
2024-12-22,Copenhagen,6.6,5.3,0.2,no
2024-12-23,Copenhagen,5.8,0.0,6.3,no
2024-12-24,Copenhagen,4.5,0.0,1.4,no
2024-12-25,Copenhagen,1.3,7.4,1.3,no
2024-12-26,Copenhagen,0.5,1.0,0.0,no
2024-12-27,Copenhagen,-3.0,0.2,0.0,no
2024-12-28,Copenhagen,-3.7,0.0,3.3,no
2024-12-29,Copenhagen,0.1,1.6,2.1,no
2024-12-30,Copenhagen,-0.5,0.4,2.2,no
2024-12-31,Copenhagen,-1.4,9.8,0.0,no
2025-01-01,Copenhagen,-0.1,4.0,0.0,no
2025-01-02,Copenhagen,-0.7,0.0,4.0,no
2025-01-03,Copenhagen,1.1,0.0,3.0,no
2025-01-04,Copenhagen,-0.4,0.0,6.7,no
2025-01-05,Copenhagen,1.7,0.0,3.8,no
2025-01-06,Copenhagen,-0.7,0.0,3.2,no
2025-01-07,Copenhagen,0.9,0.0,1.4,no
2025-01-08,Copenhagen,1.5,3.5,0.0,no
2025-01-09,Copenhagen,2.0,0.0,1.7,no
2025-01-10,Copenhagen,2.0,0.0,4.3,no
2025-01-11,Copenhagen,4.1,0.0,6.3,no
2025-01-12,Copenhagen,2.1,1.1,0.0,no
2025-01-13,Copenhagen,0.1,0.0,1.5,no
2025-01-14,Copenhagen,0.8,0.0,6.6,no
2025-01-15,Copenhagen,-0.7,0.1,0.0,no
2025-01-16,Copenhagen,0.9,0.0,7.1,no
2025-01-17,Copenhagen,-1.7,2.5,1.4,no
2025-01-18,Copenhagen,-4.5,2.9,0.0,no
2025-01-19,Copenhagen,-4.4,0.0,5.1,no
2025-01-20,Copenhagen,-1.6,1.9,2.7,no
2025-01-21,Copenhagen,-0.1,0.0,4.4,no
2025-01-22,Copenhagen,-1.9,1.1,2.2,no
2025-01-23,Copenhagen,-0.8,5.4,1.0,no
2025-01-24,Copenhagen,-0.5,0.0,3.5,no
2025-01-25,Copenhagen,0.6,0.0,3.7,no
2025-01-26,Copenhagen,5.6,0.0,4.6,no
2025-01-27,Copenhagen,4.2,0.0,4.9,no
2025-01-28,Copenhagen,2.5,7.8,0.0,no
2025-01-29,Copenhagen,2.2,2.2,0.0,no
2025-01-30,Copenhagen,4.8,11.9,0.0,no
2025-01-31,Copenhagen,5.0,0.0,5.1,no
2025-02-01,Copenhagen,5.6,0.0,5.5,no
2025-02-02,Copenhagen,5.0,0.0,6.3,no
2025-02-03,Copenhagen,6.5,23.4,0.0,yes
2025-02-04,Copenhagen,3.3,0.0,2.3,no
2025-02-05,Copenhagen,1.7,0.0,3.9,no
2025-02-06,Copenhagen,0.2,0.0,3.5,no
2025-02-07,Copenhagen,1.0,0.1,0.0,no
2025-02-08,Copenhagen,2.6,0.0,2.2,no
2025-02-09,Copenhagen,2.4,6.2,1.9,no
2025-02-10,Copenhagen,5.8,0.0,1.9,no
2025-02-11,Copenhagen,7.5,0.0,4.3,no
2025-02-12,Copenhagen,7.3,1.7,3.8,no
2025-02-13,Copenhagen,5.5,0.0,5.6,no
2025-02-14,Copenhagen,4.9,0.0,6.7,no
2025-02-15,Copenhagen,4.7,0.0,0.4,no
2025-02-16,Copenhagen,-0.7,0.0,5.3,no
2025-02-17,Copenhagen,1.3,6.5,0.0,no
2025-02-18,Copenhagen,2.5,2.1,4.0,no
2025-02-19,Copenhagen,2.3,4.9,1.1,no
2025-02-20,Copenhagen,5.7,3.2,2.8,no
2025-02-21,Copenhagen,5.2,0.0,6.6,no
2025-02-22,Copenhagen,6.2,8.4,4.2,no
2025-02-23,Copenhagen,2.7,0.0,7.4,no
2025-02-24,Copenhagen,1.9,0.0,2.6,no
2025-02-25,Copenhagen,1.2,0.0,5.0,no
2025-02-26,Copenhagen,1.8,0.0,4.3,no
2025-02-27,Copenhagen,1.0,0.0,5.9,no
2025-02-28,Copenhagen,4.0,0.0,2.8,no
2025-03-01,Copenhagen,4.8,0.0,4.3,no
2025-03-02,Copenhagen,6.6,0.0,2.3,no
2025-03-03,Copenhagen,4.4,1.1,0.0,no
2025-03-04,Copenhagen,7.7,0.0,2.5,no
2025-03-05,Copenhagen,7.1,0.0,8.0,no
2025-03-06,Copenhagen,4.5,0.0,2.6,no
2025-03-07,Copenhagen,4.3,12.0,0.9,no
2025-03-08,Copenhagen,9.4,1.0,3.3,no
2025-03-09,Copenhagen,7.6,0.0,7.9,no
2025-03-10,Copenhagen,7.1,6.5,2.4,no
2025-03-11,Copenhagen,9.6,0.2,2.6,no
2025-03-12,Copenhagen,5.5,0.1,0.0,no
2025-03-13,Copenhagen,5.0,1.3,4.0,no
2025-03-14,Copenhagen,7.7,1.4,0.0,no
2025-03-15,Copenhagen,8.6,0.0,4.3,no
2025-03-16,Copenhagen,7.8,0.0,6.8,no
2025-03-17,Copenhagen,0.5,2.7,1.1,no
2025-03-18,Copenhagen,2.0,0.0,4.7,no
2025-03-19,Copenhagen,4.7,0.0,7.4,no
2025-03-20,Copenhagen,5.8,0.0,3.0,no
2025-03-21,Copenhagen,3.1,1.2,0.0,no
2025-03-22,Copenhagen,6.4,1.2,0.0,no
2025-03-23,Copenhagen,6.2,0.0,3.8,no
2025-03-24,Copenhagen,5.8,0.0,10.7,no
2025-03-25,Copenhagen,3.4,13.6,3.0,no
2025-03-26,Copenhagen,4.7,0.0,2.9,no
2025-03-27,Copenhagen,3.5,2.4,4.6,no
2025-03-28,Copenhagen,3.8,7.2,5.8,no
2025-03-29,Copenhagen,6.6,4.9,4.7,no
2025-03-30,Copenhagen,6.4,0.0,5.1,no
2025-03-31,Copenhagen,4.1,0.0,6.9,no
2025-04-01,Copenhagen,5.4,3.6,3.7,no
2025-04-02,Copenhagen,6.7,0.0,5.6,no
2025-04-03,Copenhagen,4.8,2.3,4.1,no
2025-04-04,Copenhagen,5.6,0.0,6.7,no
2025-04-05,Copenhagen,6.3,3.5,0.3,no
2025-04-06,Copenhagen,5.4,0.0,10.9,no
2025-04-07,Copenhagen,9.7,0.0,6.4,no
2025-04-08,Copenhagen,7.6,0.9,3.3,no
2025-04-09,Copenhagen,4.8,0.0,1.8,no
2025-04-10,Copenhagen,6.8,0.2,1.8,no
2025-04-11,Copenhagen,10.4,0.5,0.0,no
2025-04-12,Copenhagen,12.6,4.9,2.7,no
2025-04-13,Copenhagen,7.6,0.0,2.0,no
2025-04-14,Copenhagen,8.0,3.0,5.6,no
2025-04-15,Copenhagen,4.9,0.0,8.0,no
2025-04-16,Copenhagen,8.0,0.0,12.4,no
2025-04-17,Copenhagen,9.6,2.7,1.5,no
2025-04-18,Copenhagen,6.6,0.0,3.3,no
2025-04-19,Copenhagen,8.9,0.0,4.2,no
2025-04-20,Copenhagen,4.3,1.7,2.2,no
2025-04-21,Copenhagen,7.0,1.0,0.0,no
2025-04-22,Copenhagen,4.5,1.6,5.0,no
2025-04-23,Copenhagen,7.5,0.5,8.2,no
2025-04-24,Copenhagen,12.5,13.3,0.2,no
2025-04-25,Copenhagen,7.5,0.3,0.0,no
2025-04-26,Copenhagen,7.4,0.0,10.5,no
2025-04-27,Copenhagen,6.6,0.0,7.6,no
2025-04-28,Copenhagen,9.9,5.8,0.6,no
2025-04-29,Copenhagen,11.8,0.0,6.8,no
2025-04-30,Copenhagen,10.8,0.0,6.6,no
2025-05-01,Copenhagen,10.4,2.0,8.0,no
2025-05-02,Copenhagen,11.4,1.7,2.9,no
2025-05-03,Copenhagen,10.4,2.7,6.9,no
2025-05-04,Copenhagen,9.7,1.1,7.0,no
2025-05-05,Copenhagen,10.9,1.6,4.0,no
2025-05-06,Copenhagen,11.6,6.1,0.0,no
2025-05-07,Copenhagen,12.3,10.0,0.0,no
2025-05-08,Copenhagen,14.3,0.0,1.2,no
2025-05-09,Copenhagen,10.5,12.7,0.0,no
2025-05-10,Copenhagen,9.9,0.0,9.1,no
2025-05-11,Copenhagen,13.7,0.7,0.0,no
2025-05-12,Copenhagen,14.0,9.1,5.9,no
2025-05-13,Copenhagen,11.5,0.4,7.8,no
2025-05-14,Copenhagen,10.0,9.2,5.6,no
2025-05-15,Copenhagen,10.9,0.0,6.8,no
2025-05-16,Copenhagen,12.8,0.0,2.7,no
2025-05-17,Copenhagen,15.6,0.0,7.2,no
2025-05-18,Copenhagen,12.7,6.1,6.2,no
2025-05-19,Copenhagen,11.0,0.0,14.2,no
2025-05-20,Copenhagen,11.8,2.4,4.8,no
2025-05-21,Copenhagen,13.5,6.0,5.0,no
2025-05-22,Copenhagen,12.8,0.0,3.4,no
2025-05-23,Copenhagen,11.4,7.4,1.8,no
2025-05-24,Copenhagen,11.0,3.1,6.2,no
2025-05-25,Copenhagen,12.1,0.0,8.7,no
2025-05-26,Copenhagen,12.3,18.5,0.0,no
2025-05-27,Copenhagen,8.1,2.1,2.5,no
2025-05-28,Copenhagen,12.0,6.5,0.3,no
2025-05-29,Copenhagen,14.8,0.0,8.6,no
2025-05-30,Copenhagen,15.2,0.0,3.8,no
2025-05-31,Copenhagen,17.8,0.0,7.7,no
2025-06-01,Copenhagen,16.1,0.0,13.8,no
2025-06-02,Copenhagen,15.1,12.7,4.7,no
2025-06-03,Copenhagen,14.3,0.0,10.0,no
2025-06-04,Copenhagen,12.1,0.0,6.1,no
2025-06-05,Copenhagen,15.1,2.3,6.4,no
2025-06-06,Copenhagen,17.7,22.5,3.4,no
2025-06-07,Copenhagen,17.8,1.4,2.9,no
2025-06-08,Copenhagen,13.7,0.0,14.2,no
2025-06-09,Copenhagen,14.1,0.0,13.0,no
2025-06-10,Copenhagen,15.2,0.0,10.4,no
2025-06-11,Copenhagen,14.1,0.0,6.8,no
2025-06-12,Copenhagen,12.5,3.7,4.5,no
2025-06-13,Copenhagen,14.4,0.4,1.1,no
2025-06-14,Copenhagen,12.3,0.0,5.2,no
2025-06-15,Copenhagen,13.8,0.0,6.2,no
2025-06-16,Copenhagen,12.7,2.2,5.0,no
2025-06-17,Copenhagen,12.0,14.6,7.3,no
2025-06-18,Copenhagen,9.6,8.8,6.4,no
2025-06-19,Copenhagen,13.6,1.0,0.0,no
2025-06-20,Copenhagen,14.3,0.0,11.8,no
2025-06-21,Copenhagen,13.8,0.0,4.7,no
2025-06-22,Copenhagen,14.4,0.0,7.2,no
2025-06-23,Copenhagen,13.7,0.0,3.8,no
2025-06-24,Copenhagen,15.5,2.8,4.5,no
2025-06-25,Copenhagen,12.9,1.7,0.0,no
2025-06-26,Copenhagen,12.5,3.8,4.6,no
2025-06-27,Copenhagen,15.8,0.0,12.8,no
2025-06-28,Copenhagen,16.0,0.0,1.0,no
2025-06-29,Copenhagen,15.9,1.9,0.0,no
2025-06-30,Copenhagen,17.5,0.2,3.2,no
2025-07-01,Copenhagen,16.6,0.0,11.4,no
2025-07-02,Copenhagen,21.9,0.0,0.4,no
2025-07-03,Copenhagen,22.4,0.0,11.6,no
2025-07-04,Copenhagen,16.7,1.9,0.0,no
2025-07-05,Copenhagen,18.6,0.0,12.3,no
2025-07-06,Copenhagen,19.9,0.0,12.3,no
2025-07-07,Copenhagen,16.2,2.9,2.4,no
2025-07-08,Copenhagen,18.2,3.9,2.5,no
2025-07-09,Copenhagen,20.2,7.1,1.9,no
2025-07-10,Copenhagen,22.4,0.0,3.6,no
2025-07-11,Copenhagen,21.2,0.0,6.8,no
2025-07-12,Copenhagen,19.8,0.0,13.3,no
2025-07-13,Copenhagen,20.6,11.0,0.0,no
2025-07-14,Copenhagen,19.5,3.4,0.0,no
2025-07-15,Copenhagen,19.8,0.3,5.2,no
2025-07-16,Copenhagen,17.7,0.0,9.3,no
2025-07-17,Copenhagen,14.6,9.5,7.8,no
2025-07-18,Copenhagen,12.1,0.0,13.4,no
2025-07-19,Copenhagen,13.8,0.0,12.9,no
2025-07-20,Copenhagen,12.8,0.0,4.6,no
2025-07-21,Copenhagen,15.2,0.0,10.6,no
2025-07-22,Copenhagen,12.2,0.0,12.1,no
2025-07-23,Copenhagen,15.1,3.4,0.0,no
2025-07-24,Copenhagen,17.5,0.0,2.9,no
2025-07-25,Copenhagen,16.7,0.0,13.1,no
2025-07-26,Copenhagen,18.4,3.0,3.2,no
2025-07-27,Copenhagen,13.4,1.8,6.3,no
2025-07-28,Copenhagen,13.7,0.0,11.3,no
2025-07-29,Copenhagen,13.6,1.1,1.2,no
2025-07-30,Copenhagen,16.8,0.6,8.3,no
2025-07-31,Copenhagen,16.1,0.0,9.8,no
2025-08-01,Copenhagen,16.8,0.0,8.7,no
2025-08-02,Copenhagen,14.3,3.7,0.0,no
2025-08-03,Copenhagen,14.6,0.0,15.3,no
2025-08-04,Copenhagen,13.7,0.0,12.3,no
2025-08-05,Copenhagen,15.9,0.0,12.7,no
2025-08-06,Copenhagen,16.6,0.7,5.0,no
2025-08-07,Copenhagen,14.5,2.7,0.0,no
2025-08-08,Copenhagen,17.8,0.0,9.4,no
2025-08-09,Copenhagen,18.1,0.0,8.6,no
2025-08-10,Copenhagen,20.3,6.5,4.8,no
2025-08-11,Copenhagen,16.3,0.0,4.1,no
2025-08-12,Copenhagen,17.9,0.0,2.5,no
2025-08-13,Copenhagen,19.3,0.0,5.1,no
2025-08-14,Copenhagen,21.3,0.3,5.7,no
2025-08-15,Copenhagen,20.0,5.3,5.9,no
2025-08-16,Copenhagen,18.5,6.7,3.8,no
2025-08-17,Copenhagen,18.7,0.0,6.1,no
2025-08-18,Copenhagen,16.9,6.8,0.9,no
2025-08-19,Copenhagen,14.2,0.0,10.7,no
2025-08-20,Copenhagen,13.5,4.0,3.2,no
2025-08-21,Copenhagen,14.6,0.0,6.1,no
2025-08-22,Copenhagen,15.2,0.0,7.5,no
2025-08-23,Copenhagen,17.6,0.9,7.5,no
2025-08-24,Copenhagen,16.5,0.1,0.0,no
2025-08-25,Copenhagen,19.7,5.8,0.0,no
2025-08-26,Copenhagen,18.4,4.9,1.4,no
2025-08-27,Copenhagen,17.7,0.0,9.0,no
2025-08-28,Copenhagen,19.5,0.0,5.7,no
2025-08-29,Copenhagen,17.1,0.0,3.1,no
2025-08-30,Copenhagen,14.0,0.0,3.5,no
2025-08-31,Copenhagen,14.1,0.3,0.0,no
2025-09-01,Copenhagen,14.8,0.0,6.6,no
2025-09-02,Copenhagen,18.3,0.0,4.9,no
2025-09-03,Copenhagen,18.6,0.0,3.7,no
2025-09-04,Copenhagen,15.1,0.0,12.2,no
2025-09-05,Copenhagen,14.1,0.0,1.7,no
2025-09-06,Copenhagen,15.3,9.0,5.7,no
2025-09-07,Copenhagen,13.3,13.6,7.2,no
2025-09-08,Copenhagen,15.7,0.0,2.9,no
2025-09-09,Copenhagen,9.6,0.1,5.2,no
2025-09-10,Copenhagen,13.3,0.0,4.8,no
2025-09-11,Copenhagen,16.4,0.0,6.8,no
2025-09-12,Copenhagen,13.8,4.3,0.4,no
2025-09-13,Copenhagen,12.1,1.0,4.2,no
2025-09-14,Copenhagen,12.8,5.5,0.0,no
2025-09-15,Copenhagen,7.5,4.8,2.6,no
2025-09-16,Copenhagen,10.4,0.0,7.5,no
2025-09-17,Copenhagen,11.2,0.2,3.3,no
2025-09-18,Copenhagen,11.1,0.0,3.6,no
2025-09-19,Copenhagen,10.4,0.0,10.5,no
2025-09-20,Copenhagen,11.6,0.0,4.1,no
2025-09-21,Copenhagen,10.4,0.0,6.4,no
2025-09-22,Copenhagen,9.2,0.7,3.1,no
2025-09-23,Copenhagen,11.1,0.0,4.5,no
2025-09-24,Copenhagen,13.1,0.0,6.2,no
2025-09-25,Copenhagen,10.4,0.0,8.2,no
2025-09-26,Copenhagen,10.8,7.0,3.9,no
2025-09-27,Copenhagen,13.8,0.0,1.3,no
2025-09-28,Copenhagen,13.2,0.0,1.3,no
2025-09-29,Copenhagen,10.7,0.0,8.7,no
2025-09-30,Copenhagen,12.8,0.0,10.2,no
2025-10-01,Copenhagen,12.0,0.0,7.9,no
2025-10-02,Copenhagen,16.5,3.3,4.9,no
2025-10-03,Copenhagen,16.5,31.0,4.9,no
2025-10-04,Copenhagen,13.4,0.0,9.4,no
2025-10-05,Copenhagen,13.3,0.0,3.7,no
2025-10-06,Copenhagen,11.3,0.0,8.3,no
2025-10-07,Copenhagen,11.0,4.3,1.7,no
2025-10-08,Copenhagen,10.2,0.0,1.9,no
2025-10-09,Copenhagen,12.2,1.1,0.5,no
2025-10-10,Copenhagen,9.9,0.0,3.3,no
2025-10-11,Copenhagen,12.4,2.1,0.0,no
2025-10-12,Copenhagen,9.3,5.4,0.0,no
2025-10-13,Copenhagen,6.1,0.0,2.9,no
2025-10-14,Copenhagen,6.4,0.0,2.4,no
2025-10-15,Copenhagen,5.6,7.9,0.0,no
2025-10-16,Copenhagen,7.1,0.0,3.8,no
2025-10-17,Copenhagen,5.6,0.0,4.8,no
2025-10-18,Copenhagen,7.0,0.0,6.1,no
2025-10-19,Copenhagen,9.5,0.0,3.5,no
2025-10-20,Copenhagen,12.8,0.1,0.0,no
2025-10-21,Copenhagen,14.0,8.1,1.5,no
2025-10-22,Copenhagen,11.3,0.6,0.0,no
2025-10-23,Copenhagen,11.3,0.0,7.8,no
2025-10-24,Copenhagen,11.0,0.0,6.2,no
2025-10-25,Copenhagen,12.0,0.3,1.1,no
2025-10-26,Copenhagen,12.1,2.3,3.1,no
2025-10-27,Copenhagen,13.7,0.1,0.0,no
2025-10-28,Copenhagen,13.5,0.7,3.2,no
2025-10-29,Copenhagen,10.9,1.0,2.0,no
2025-10-30,Copenhagen,9.5,0.0,4.4,no
2025-10-31,Copenhagen,6.9,4.3,3.0,no
2025-11-01,Copenhagen,7.8,0.0,6.9,no
2025-11-02,Copenhagen,8.5,0.0,4.1,no
2025-11-03,Copenhagen,5.0,0.0,4.1,no
2025-11-04,Copenhagen,7.0,0.0,2.5,no
2025-11-05,Copenhagen,5.9,0.0,4.6,no
2025-11-06,Copenhagen,8.8,3.3,1.9,no
2025-11-07,Copenhagen,8.2,0.0,3.9,no
2025-11-08,Copenhagen,9.1,0.0,1.7,no
2025-11-09,Copenhagen,6.5,0.0,1.0,no
2025-11-10,Copenhagen,2.0,4.2,0.0,no
2025-11-11,Copenhagen,2.5,9.3,2.3,no
2025-11-12,Copenhagen,2.4,0.0,4.5,no
2025-11-13,Copenhagen,3.9,0.0,2.9,no
2025-11-14,Copenhagen,3.0,2.2,0.0,no
2025-11-15,Copenhagen,1.8,5.5,0.0,no
2025-11-16,Copenhagen,3.6,1.0,0.6,no
2025-11-17,Copenhagen,2.7,0.0,6.7,no
2025-11-18,Copenhagen,3.3,0.0,0.6,no
2025-11-19,Copenhagen,6.2,0.4,0.0,no
2025-11-20,Copenhagen,8.1,14.7,0.8,no
2025-11-21,Copenhagen,5.0,0.4,0.0,no
2025-11-22,Copenhagen,7.1,0.0,2.4,no
2025-11-23,Copenhagen,6.9,0.0,4.5,no
2025-11-24,Copenhagen,6.5,0.0,4.1,no
2025-11-25,Copenhagen,7.3,0.5,2.1,no
2025-11-26,Copenhagen,3.4,3.7,2.6,no
2025-11-27,Copenhagen,3.2,4.5,2.4,no
2025-11-28,Copenhagen,3.9,0.0,2.6,no
2025-11-29,Copenhagen,8.7,3.5,1.9,no
2025-11-30,Copenhagen,7.4,2.0,0.0,no
2025-12-01,Copenhagen,6.4,0.0,4.4,no
2025-12-02,Copenhagen,4.9,28.1,0.0,yes
2025-12-03,Copenhagen,10.9,0.0,5.9,no
2025-12-04,Copenhagen,10.2,3.9,0.0,no
2025-12-05,Copenhagen,7.9,0.0,2.9,no
2025-12-06,Copenhagen,4.4,0.0,6.0,no
2025-12-07,Copenhagen,7.8,0.0,2.4,no
2025-12-08,Copenhagen,6.0,2.3,0.3,no
2025-12-09,Copenhagen,6.7,0.0,4.2,no
2025-12-10,Copenhagen,11.5,26.8,0.0,yes
2025-12-11,Copenhagen,7.8,0.6,2.2,no
2025-12-12,Copenhagen,0.9,0.7,0.9,no
2025-12-13,Copenhagen,1.5,0.0,6.3,no
2025-12-14,Copenhagen,2.3,0.0,6.2,no
2025-12-15,Copenhagen,2.7,3.6,0.7,no
2025-12-16,Copenhagen,6.2,0.8,2.4,no
2025-12-17,Copenhagen,5.3,0.0,1.0,no
2025-12-18,Copenhagen,3.6,2.6,0.1,no
2025-12-19,Copenhagen,2.7,7.6,0.5,no
2025-12-20,Copenhagen,1.3,0.0,3.3,no
2025-12-21,Copenhagen,1.9,0.0,4.9,no
2025-12-22,Copenhagen,0.3,0.0,4.6,no
2025-12-23,Copenhagen,2.6,9.2,0.4,no
2025-12-24,Copenhagen,3.5,1.8,0.0,no
2025-12-25,Copenhagen,7.3,0.0,5.8,no
2025-12-26,Copenhagen,1.8,0.0,3.1,no
2025-12-27,Copenhagen,1.8,19.9,0.0,yes
2025-12-28,Copenhagen,1.4,10.0,0.0,no
2025-12-29,Copenhagen,0.9,4.5,2.2,no
2025-12-30,Copenhagen,1.0,1.0,2.5,no
2025-12-31,Copenhagen,4.1,0.0,4.7,no
2024-01-01,Warsaw,-1.5,0.0,1.3,no
2024-01-02,Warsaw,-1.9,11.9,2.3,no
2024-01-03,Warsaw,-5.0,0.0,5.9,no
2024-01-04,Warsaw,-4.4,0.0,5.9,no
2024-01-05,Warsaw,-4.9,1.5,1.1,no
2024-01-06,Warsaw,-3.1,0.0,2.7,no
2024-01-07,Warsaw,-2.2,0.0,6.9,no
2024-01-08,Warsaw,-0.1,12.2,2.4,no
2024-01-09,Warsaw,-2.1,1.7,2.4,no
2024-01-10,Warsaw,-0.6,0.0,1.4,no
2024-01-11,Warsaw,-2.2,7.5,2.9,no
2024-01-12,Warsaw,-3.0,0.0,5.4,no
2024-01-13,Warsaw,-3.0,0.0,2.9,no
2024-01-14,Warsaw,-1.6,0.3,0.0,no
2024-01-15,Warsaw,-1.4,0.0,7.0,no
2024-01-16,Warsaw,-0.4,4.6,0.7,no
2024-01-17,Warsaw,-5.1,0.2,1.9,no
2024-01-18,Warsaw,-4.4,0.0,3.4,no
2024-01-19,Warsaw,-2.6,0.1,2.1,no
2024-01-20,Warsaw,-6.3,0.0,7.5,no
2024-01-21,Warsaw,-3.2,6.9,1.9,no
2024-01-22,Warsaw,-5.7,0.0,6.1,no
2024-01-23,Warsaw,-4.5,0.0,3.2,no
2024-01-24,Warsaw,-3.8,4.9,0.0,no
2024-01-25,Warsaw,-5.8,0.0,3.5,no
2024-01-26,Warsaw,-2.1,0.0,2.1,no
2024-01-27,Warsaw,-1.1,2.9,0.0,no
2024-01-28,Warsaw,-0.4,0.0,3.5,no
2024-01-29,Warsaw,-2.9,0.0,3.9,no
2024-01-30,Warsaw,-1.7,1.9,3.2,no
2024-01-31,Warsaw,1.3,0.0,3.6,no
2024-02-01,Warsaw,3.1,0.8,0.1,no
2024-02-02,Warsaw,2.7,0.0,1.3,no
2024-02-03,Warsaw,2.4,0.0,5.1,no
2024-02-04,Warsaw,-2.1,0.0,6.6,no
2024-02-05,Warsaw,-2.6,0.0,5.5,no
2024-02-06,Warsaw,-5.8,0.0,5.3,no
2024-02-07,Warsaw,-4.0,0.3,0.0,no
2024-02-08,Warsaw,-2.0,3.1,1.7,no
2024-02-09,Warsaw,-3.8,0.0,7.1,no
2024-02-10,Warsaw,-5.7,0.0,0.3,no
2024-02-11,Warsaw,-3.2,0.0,5.7,no
2024-02-12,Warsaw,-2.8,0.3,0.0,no
2024-02-13,Warsaw,-2.4,0.0,6.0,no
2024-02-14,Warsaw,-3.3,1.3,3.5,no
2024-02-15,Warsaw,-3.6,0.0,6.3,no
2024-02-16,Warsaw,-3.2,4.5,1.1,no
2024-02-17,Warsaw,-5.3,0.0,2.8,no
2024-02-18,Warsaw,-5.0,0.1,2.8,no
2024-02-19,Warsaw,-8.0,0.0,5.5,no
2024-02-20,Warsaw,-8.4,0.0,6.4,no
2024-02-21,Warsaw,-5.8,0.0,4.4,no
2024-02-22,Warsaw,-6.2,0.0,1.6,no
2024-02-23,Warsaw,-3.5,0.0,2.3,no
2024-02-24,Warsaw,-0.6,0.0,0.5,no
2024-02-25,Warsaw,-0.5,0.0,3.7,no
2024-02-26,Warsaw,-0.8,0.2,2.0,no
2024-02-27,Warsaw,0.5,1.7,5.5,no
2024-02-28,Warsaw,3.2,0.0,5.2,no
2024-02-29,Warsaw,0.1,3.5,0.0,no
2024-03-01,Warsaw,1.4,0.0,3.7,no
2024-03-02,Warsaw,2.9,2.9,4.8,no
2024-03-03,Warsaw,2.3,1.5,2.4,no
2024-03-04,Warsaw,0.6,7.9,1.4,no
2024-03-05,Warsaw,0.1,0.0,4.6,no
2024-03-06,Warsaw,-2.8,8.3,1.1,no
2024-03-07,Warsaw,-0.3,0.0,4.0,no
2024-03-08,Warsaw,-1.4,0.0,4.4,no
2024-03-09,Warsaw,-0.2,4.2,0.0,no
2024-03-10,Warsaw,1.4,0.0,1.7,no
2024-03-11,Warsaw,-0.4,0.0,1.7,no
2024-03-12,Warsaw,2.9,0.0,6.7,no
2024-03-13,Warsaw,2.7,0.0,9.7,no
2024-03-14,Warsaw,3.1,0.0,0.3,no
2024-03-15,Warsaw,2.2,9.8,0.0,no
2024-03-16,Warsaw,3.4,0.0,8.4,no
2024-03-17,Warsaw,4.2,0.0,9.2,no
2024-03-18,Warsaw,4.5,4.0,0.0,no
2024-03-19,Warsaw,5.8,0.0,8.5,no
2024-03-20,Warsaw,4.7,0.0,6.4,no
2024-03-21,Warsaw,2.6,0.0,2.3,no
2024-03-22,Warsaw,8.2,0.0,6.2,no
2024-03-23,Warsaw,11.0,0.0,5.2,no
2024-03-24,Warsaw,8.0,1.0,2.9,no
2024-03-25,Warsaw,6.3,0.0,7.9,no
2024-03-26,Warsaw,3.1,0.0,9.9,no
2024-03-27,Warsaw,5.0,5.1,1.1,no
2024-03-28,Warsaw,4.9,0.0,6.3,no
2024-03-29,Warsaw,6.5,6.5,7.5,no
2024-03-30,Warsaw,10.1,0.0,11.0,no
2024-03-31,Warsaw,9.6,0.0,9.6,no
2024-04-01,Warsaw,7.8,2.6,0.1,no
2024-04-02,Warsaw,5.5,0.0,5.7,no
2024-04-03,Warsaw,7.9,0.0,3.1,no
2024-04-04,Warsaw,8.1,0.0,3.8,no
2024-04-05,Warsaw,4.6,0.0,7.3,no
2024-04-06,Warsaw,5.4,0.0,6.9,no
2024-04-07,Warsaw,9.6,0.0,4.6,no
2024-04-08,Warsaw,13.9,0.0,4.8,no
2024-04-09,Warsaw,12.1,0.0,5.7,no
2024-04-10,Warsaw,10.8,1.1,4.4,no
2024-04-11,Warsaw,8.8,3.5,2.0,no
2024-04-12,Warsaw,8.5,3.7,3.7,no
2024-04-13,Warsaw,3.2,0.0,4.6,no
2024-04-14,Warsaw,4.9,1.4,4.5,no
2024-04-15,Warsaw,7.2,0.0,8.8,no
2024-04-16,Warsaw,7.5,0.0,11.7,no
2024-04-17,Warsaw,10.3,0.0,12.7,no
2024-04-18,Warsaw,10.1,1.9,0.0,no
2024-04-19,Warsaw,12.8,6.4,4.0,no
2024-04-20,Warsaw,12.9,4.8,0.5,no
2024-04-21,Warsaw,7.1,0.0,7.7,no
2024-04-22,Warsaw,6.7,1.3,4.2,no
2024-04-23,Warsaw,9.9,0.0,5.9,no
2024-04-24,Warsaw,6.5,4.2,0.0,no
2024-04-25,Warsaw,9.5,0.0,13.1,no
2024-04-26,Warsaw,10.9,2.0,2.3,no
2024-04-27,Warsaw,10.7,5.4,0.0,no
2024-04-28,Warsaw,15.3,0.0,9.2,no
2024-04-29,Warsaw,12.5,0.0,13.1,no
2024-04-30,Warsaw,16.1,0.0,6.4,no
2024-05-01,Warsaw,17.0,17.8,0.8,no
2024-05-02,Warsaw,14.6,10.7,4.3,no
2024-05-03,Warsaw,14.1,0.4,0.0,no
2024-05-04,Warsaw,14.9,0.0,5.7,no
2024-05-05,Warsaw,11.8,0.0,6.3,no
2024-05-06,Warsaw,11.8,0.0,5.1,no
2024-05-07,Warsaw,11.3,3.2,0.0,no
2024-05-08,Warsaw,10.4,0.0,4.9,no
2024-05-09,Warsaw,14.5,0.0,8.3,no
2024-05-10,Warsaw,12.5,5.6,1.6,no
2024-05-11,Warsaw,15.3,0.0,12.1,no
2024-05-12,Warsaw,16.7,1.8,1.1,no
2024-05-13,Warsaw,16.0,1.7,0.8,no
2024-05-14,Warsaw,16.6,0.0,6.3,no
2024-05-15,Warsaw,19.6,0.0,14.7,no
2024-05-16,Warsaw,20.1,0.0,8.5,no
2024-05-17,Warsaw,18.6,0.0,7.7,no
2024-05-18,Warsaw,17.1,0.0,11.0,no
2024-05-19,Warsaw,16.7,4.6,2.2,no
2024-05-20,Warsaw,16.3,0.0,2.7,no
2024-05-21,Warsaw,18.4,0.0,4.6,no
2024-05-22,Warsaw,15.4,0.0,13.9,no
2024-05-23,Warsaw,16.0,0.0,4.6,no
2024-05-24,Warsaw,15.1,0.0,8.1,no
2024-05-25,Warsaw,18.4,0.0,11.6,no
2024-05-26,Warsaw,17.8,0.0,9.1,no
2024-05-27,Warsaw,18.4,1.6,8.3,no
2024-05-28,Warsaw,16.5,0.0,9.4,no
2024-05-29,Warsaw,17.2,2.5,0.0,no
2024-05-30,Warsaw,17.5,0.0,3.1,no
2024-05-31,Warsaw,12.3,0.0,2.2,no
2024-06-01,Warsaw,15.5,0.0,9.7,no
2024-06-02,Warsaw,17.2,0.0,13.3,no
2024-06-03,Warsaw,16.5,0.0,4.5,no
2024-06-04,Warsaw,14.9,2.0,0.0,no
2024-06-05,Warsaw,15.6,3.0,6.4,no
2024-06-06,Warsaw,17.8,3.4,0.0,no
2024-06-07,Warsaw,21.1,0.0,5.1,no
2024-06-08,Warsaw,19.5,10.9,1.3,no
2024-06-09,Warsaw,20.3,0.0,9.5,no
2024-06-10,Warsaw,22.3,0.0,11.0,no
2024-06-11,Warsaw,20.8,0.0,10.3,no
2024-06-12,Warsaw,20.1,0.0,5.0,no
2024-06-13,Warsaw,19.1,3.0,1.0,no
2024-06-14,Warsaw,18.0,5.0,7.7,no
2024-06-15,Warsaw,19.0,3.9,1.3,no
2024-06-16,Warsaw,24.2,6.7,3.7,no
2024-06-17,Warsaw,18.0,0.0,8.1,no
2024-06-18,Warsaw,18.6,0.3,3.1,no
2024-06-19,Warsaw,22.8,4.9,8.0,no
2024-06-20,Warsaw,24.2,0.0,4.7,no
2024-06-21,Warsaw,26.2,0.0,9.8,no
2024-06-22,Warsaw,26.9,1.3,0.0,no
2024-06-23,Warsaw,23.5,0.0,4.5,no
2024-06-24,Warsaw,22.3,3.1,0.0,no
2024-06-25,Warsaw,24.4,0.3,7.4,no
2024-06-26,Warsaw,18.6,13.9,10.5,no
2024-06-27,Warsaw,17.3,0.0,15.3,no
2024-06-28,Warsaw,18.8,0.0,13.7,no
2024-06-29,Warsaw,19.9,0.0,12.1,no
2024-06-30,Warsaw,21.3,4.9,2.3,no
2024-07-01,Warsaw,15.4,0.0,7.9,no
2024-07-02,Warsaw,17.9,0.0,16.3,no
2024-07-03,Warsaw,17.0,0.0,8.2,no
2024-07-04,Warsaw,18.4,0.0,2.1,no
2024-07-05,Warsaw,18.3,0.0,6.8,no
2024-07-06,Warsaw,22.2,0.6,1.4,no
2024-07-07,Warsaw,20.7,0.0,3.9,no
2024-07-08,Warsaw,19.8,0.0,5.7,no
2024-07-09,Warsaw,19.4,0.0,3.4,no
2024-07-10,Warsaw,18.2,0.0,5.5,no
2024-07-11,Warsaw,18.3,2.6,0.0,no
2024-07-12,Warsaw,15.3,6.0,7.2,no
2024-07-13,Warsaw,16.6,2.9,0.0,no
2024-07-14,Warsaw,15.5,0.0,8.1,no
2024-07-15,Warsaw,17.8,18.4,3.8,no
2024-07-16,Warsaw,19.0,0.0,11.1,no
2024-07-17,Warsaw,17.9,0.0,11.7,no
2024-07-18,Warsaw,19.9,4.2,0.0,no
2024-07-19,Warsaw,18.9,0.0,5.0,no
2024-07-20,Warsaw,22.8,4.4,0.0,no
2024-07-21,Warsaw,26.6,6.0,0.0,no
2024-07-22,Warsaw,24.5,1.4,0.0,no
2024-07-23,Warsaw,20.3,0.0,6.1,no
2024-07-24,Warsaw,22.8,0.0,6.7,no
2024-07-25,Warsaw,19.2,8.8,4.4,no
2024-07-26,Warsaw,16.2,0.0,13.7,no
2024-07-27,Warsaw,14.1,0.0,8.2,no
2024-07-28,Warsaw,18.6,2.7,2.7,no
2024-07-29,Warsaw,18.5,1.5,0.0,no
2024-07-30,Warsaw,21.3,0.0,10.0,no
2024-07-31,Warsaw,22.2,0.0,5.9,no
2024-08-01,Warsaw,22.0,0.0,3.4,no
2024-08-02,Warsaw,22.3,0.0,14.5,no
2024-08-03,Warsaw,18.8,0.0,11.0,no
2024-08-04,Warsaw,19.8,0.0,12.4,no
2024-08-05,Warsaw,23.2,0.0,12.3,no
2024-08-06,Warsaw,23.9,0.0,5.0,no
2024-08-07,Warsaw,23.5,0.0,14.2,no
2024-08-08,Warsaw,24.6,1.7,0.0,no
2024-08-09,Warsaw,25.5,0.7,0.0,no
2024-08-10,Warsaw,25.3,0.0,9.6,no
2024-08-11,Warsaw,26.5,1.7,1.8,no
2024-08-12,Warsaw,26.3,0.0,8.8,no
2024-08-13,Warsaw,20.6,0.0,3.1,no
2024-08-14,Warsaw,20.7,0.0,12.5,no
2024-08-15,Warsaw,20.8,0.9,7.4,no
2024-08-16,Warsaw,20.2,5.9,0.6,no
2024-08-17,Warsaw,18.9,0.0,8.9,no
2024-08-18,Warsaw,19.6,0.0,10.5,no
2024-08-19,Warsaw,17.2,2.5,3.9,no
2024-08-20,Warsaw,18.1,0.0,11.9,no
2024-08-21,Warsaw,20.2,0.0,4.8,no
2024-08-22,Warsaw,19.5,0.0,1.8,no
2024-08-23,Warsaw,17.8,0.8,7.9,no
2024-08-24,Warsaw,16.6,0.0,10.6,no
2024-08-25,Warsaw,17.2,0.0,9.1,no
2024-08-26,Warsaw,13.8,0.0,3.5,no
2024-08-27,Warsaw,13.9,0.0,11.7,no
2024-08-28,Warsaw,17.6,1.8,3.1,no
2024-08-29,Warsaw,14.9,0.0,10.4,no
2024-08-30,Warsaw,16.8,0.0,11.2,no
2024-08-31,Warsaw,16.7,0.0,4.9,no
2024-09-01,Warsaw,14.6,1.6,0.0,no
2024-09-02,Warsaw,13.9,0.0,0.0,no
2024-09-03,Warsaw,14.0,0.0,2.3,no
2024-09-04,Warsaw,14.0,0.0,2.5,no
2024-09-05,Warsaw,14.2,1.2,2.3,no
2024-09-06,Warsaw,16.3,7.9,3.9,no
2024-09-07,Warsaw,14.1,1.4,0.0,no
2024-09-08,Warsaw,15.3,5.3,5.6,no
2024-09-09,Warsaw,14.0,3.7,0.0,no
2024-09-10,Warsaw,14.4,0.0,6.8,no
2024-09-11,Warsaw,15.5,4.7,6.3,no
2024-09-12,Warsaw,17.7,2.9,3.2,no
2024-09-13,Warsaw,15.1,0.0,5.0,no
2024-09-14,Warsaw,14.2,0.0,8.7,no
2024-09-15,Warsaw,19.0,0.0,3.3,no
2024-09-16,Warsaw,15.0,4.2,0.0,no
2024-09-17,Warsaw,17.6,4.9,4.5,no
2024-09-18,Warsaw,19.1,5.9,1.0,no
2024-09-19,Warsaw,21.6,0.0,4.6,no
2024-09-20,Warsaw,19.1,0.0,5.1,no
2024-09-21,Warsaw,15.3,0.0,6.3,no
2024-09-22,Warsaw,14.6,0.0,6.1,no
2024-09-23,Warsaw,11.1,0.0,5.6,no
2024-09-24,Warsaw,11.2,6.9,2.2,no
2024-09-25,Warsaw,14.0,0.0,6.0,no
2024-09-26,Warsaw,14.3,1.2,3.2,no
2024-09-27,Warsaw,11.0,2.3,2.6,no
2024-09-28,Warsaw,9.6,0.0,6.7,no
2024-09-29,Warsaw,14.3,0.0,5.6,no
2024-09-30,Warsaw,13.8,19.1,1.1,no
2024-10-01,Warsaw,15.2,0.0,5.4,no
2024-10-02,Warsaw,12.5,0.0,3.8,no
2024-10-03,Warsaw,10.5,0.0,2.7,no
2024-10-04,Warsaw,13.6,0.0,1.0,no
2024-10-05,Warsaw,13.0,0.5,2.6,no
2024-10-06,Warsaw,12.5,0.0,6.1,no
2024-10-07,Warsaw,12.0,0.0,4.4,no
2024-10-08,Warsaw,15.6,26.0,0.0,yes
2024-10-09,Warsaw,16.6,0.0,3.5,no
2024-10-10,Warsaw,18.7,0.0,1.6,no
2024-10-11,Warsaw,17.3,0.0,5.5,no
2024-10-12,Warsaw,15.2,0.6,0.0,no
2024-10-13,Warsaw,11.6,0.3,4.1,no
2024-10-14,Warsaw,9.7,0.0,2.9,no
2024-10-15,Warsaw,8.5,4.8,0.0,no
2024-10-16,Warsaw,7.9,0.3,4.1,no
2024-10-17,Warsaw,9.9,2.3,0.3,no
2024-10-18,Warsaw,8.8,1.5,1.5,no
2024-10-19,Warsaw,4.5,0.0,5.5,no
2024-10-20,Warsaw,5.9,0.0,3.5,no
2024-10-21,Warsaw,9.2,0.0,3.3,no
2024-10-22,Warsaw,10.7,0.0,2.2,no
2024-10-23,Warsaw,8.8,0.0,5.1,no
2024-10-24,Warsaw,10.9,0.0,1.7,no
2024-10-25,Warsaw,8.6,0.0,3.2,no
2024-10-26,Warsaw,8.3,0.0,7.6,no
2024-10-27,Warsaw,7.4,4.7,0.5,no
2024-10-28,Warsaw,3.6,0.0,5.9,no
2024-10-29,Warsaw,7.0,0.0,7.1,no
2024-10-30,Warsaw,4.9,0.0,7.6,no
2024-10-31,Warsaw,2.3,10.3,0.0,no
2024-11-01,Warsaw,7.3,0.0,4.5,no
2024-11-02,Warsaw,6.0,0.7,4.2,no
2024-11-03,Warsaw,1.3,1.7,1.5,no
2024-11-04,Warsaw,5.9,0.0,4.7,no
2024-11-05,Warsaw,5.5,4.5,1.9,no
2024-11-06,Warsaw,7.1,6.6,0.8,no
2024-11-07,Warsaw,6.8,0.0,2.0,no
2024-11-08,Warsaw,6.8,0.6,0.0,no
2024-11-09,Warsaw,7.1,0.0,1.7,no
2024-11-10,Warsaw,4.7,0.0,6.8,no
2024-11-11,Warsaw,3.7,0.0,7.3,no
2024-11-12,Warsaw,2.2,0.0,3.5,no
2024-11-13,Warsaw,1.0,0.0,2.9,no
2024-11-14,Warsaw,6.0,0.5,0.0,no
2024-11-15,Warsaw,5.6,3.8,2.9,no
2024-11-16,Warsaw,2.8,1.9,0.9,no
2024-11-17,Warsaw,5.0,0.0,5.0,no
2024-11-18,Warsaw,6.1,17.7,0.0,yes
2024-11-19,Warsaw,5.6,2.6,0.0,no
2024-11-20,Warsaw,3.5,3.9,2.0,no
2024-11-21,Warsaw,3.1,1.2,2.7,no
2024-11-22,Warsaw,1.2,0.0,6.5,no
2024-11-23,Warsaw,1.6,0.0,5.4,no
2024-11-24,Warsaw,1.8,1.2,2.4,no
2024-11-25,Warsaw,3.0,0.2,0.0,no
2024-11-26,Warsaw,1.9,0.0,3.3,no
2024-11-27,Warsaw,2.6,1.8,1.0,no
2024-11-28,Warsaw,4.9,0.0,1.1,no
2024-11-29,Warsaw,3.0,0.0,4.4,no
2024-11-30,Warsaw,3.1,0.0,2.2,no
2024-12-01,Warsaw,1.6,0.0,1.5,no
2024-12-02,Warsaw,-0.7,0.8,1.1,no
2024-12-03,Warsaw,-1.1,0.3,0.0,no
2024-12-04,Warsaw,-0.3,0.0,5.7,no
2024-12-05,Warsaw,0.8,0.0,2.9,no
2024-12-06,Warsaw,3.9,0.0,2.8,no
2024-12-07,Warsaw,2.0,2.1,0.0,no
2024-12-08,Warsaw,2.0,0.0,3.6,no
2024-12-09,Warsaw,-0.5,0.0,3.7,no
2024-12-10,Warsaw,2.7,17.8,4.1,no
2024-12-11,Warsaw,3.9,0.0,3.2,no
2024-12-12,Warsaw,0.5,26.6,0.0,yes
2024-12-13,Warsaw,1.9,0.0,5.2,no
2024-12-14,Warsaw,2.3,0.3,0.0,no
2024-12-15,Warsaw,-0.7,5.3,2.1,no
2024-12-16,Warsaw,-3.3,0.0,2.6,no
2024-12-17,Warsaw,-3.1,9.0,0.0,no
2024-12-18,Warsaw,-3.9,0.0,1.0,no
2024-12-19,Warsaw,-0.6,0.0,0.0,no
2024-12-20,Warsaw,-0.8,2.9,2.3,no
2024-12-21,Warsaw,1.0,7.1,2.1,no
2024-12-22,Warsaw,2.1,0.0,4.0,no
2024-12-23,Warsaw,-0.6,0.0,0.5,no
2024-12-24,Warsaw,0.5,0.0,4.7,no
2024-12-25,Warsaw,1.7,11.2,2.0,no
2024-12-26,Warsaw,0.2,0.0,2.4,no
2024-12-27,Warsaw,-2.9,0.0,4.7,no
2024-12-28,Warsaw,-3.0,0.0,2.8,no
2024-12-29,Warsaw,2.3,0.0,2.5,no
2024-12-30,Warsaw,0.3,4.7,3.3,no
2024-12-31,Warsaw,1.1,0.0,2.6,no
2025-01-01,Warsaw,2.2,4.9,0.0,no
2025-01-02,Warsaw,0.7,0.0,5.9,no
2025-01-03,Warsaw,-4.4,16.0,0.0,yes
2025-01-04,Warsaw,0.3,0.4,2.9,no
2025-01-05,Warsaw,-2.8,0.0,4.0,no
2025-01-06,Warsaw,-3.7,0.0,1.0,no
2025-01-07,Warsaw,0.1,0.0,6.0,no
2025-01-08,Warsaw,-0.9,0.0,4.7,no
2025-01-09,Warsaw,-0.5,0.0,0.9,no
2025-01-10,Warsaw,2.7,0.0,2.8,no
2025-01-11,Warsaw,1.1,5.5,0.5,no
2025-01-12,Warsaw,2.5,0.0,5.4,no
2025-01-13,Warsaw,3.2,0.0,2.8,no
2025-01-14,Warsaw,2.1,8.4,2.3,no
2025-01-15,Warsaw,2.1,0.0,4.4,no
2025-01-16,Warsaw,1.8,0.0,3.1,no
2025-01-17,Warsaw,-0.5,4.9,0.6,no
2025-01-18,Warsaw,1.1,0.0,0.6,no
2025-01-19,Warsaw,-1.4,0.0,5.4,no
2025-01-20,Warsaw,-1.4,0.7,1.8,no
2025-01-21,Warsaw,-2.0,4.3,0.0,no
2025-01-22,Warsaw,-2.0,0.0,6.0,no
2025-01-23,Warsaw,-1.1,0.0,4.9,no
2025-01-24,Warsaw,-1.2,24.8,0.0,yes
2025-01-25,Warsaw,-0.6,0.0,6.2,no
2025-01-26,Warsaw,-3.0,0.0,4.5,no
2025-01-27,Warsaw,-1.4,1.0,0.0,no
2025-01-28,Warsaw,-1.3,0.0,0.8,no
2025-01-29,Warsaw,0.2,0.0,6.8,no
2025-01-30,Warsaw,-2.9,2.7,0.0,no
2025-01-31,Warsaw,-1.1,0.0,4.0,no
2025-02-01,Warsaw,3.0,0.0,1.8,no
2025-02-02,Warsaw,-0.6,1.7,0.0,no
2025-02-03,Warsaw,-1.5,0.0,7.3,no
2025-02-04,Warsaw,-2.6,0.0,1.3,no
2025-02-05,Warsaw,1.7,0.0,3.2,no
2025-02-06,Warsaw,2.9,0.0,0.3,no
2025-02-07,Warsaw,2.0,0.0,2.8,no
2025-02-08,Warsaw,0.2,0.9,3.7,no
2025-02-09,Warsaw,0.9,1.4,2.4,no
2025-02-10,Warsaw,2.1,3.5,2.5,no
2025-02-11,Warsaw,1.0,1.0,0.0,no
2025-02-12,Warsaw,1.3,15.7,0.0,no
2025-02-13,Warsaw,-2.0,0.9,5.1,no
2025-02-14,Warsaw,-2.5,0.0,4.5,no
2025-02-15,Warsaw,0.9,4.5,2.9,no
2025-02-16,Warsaw,0.4,2.3,0.0,no
2025-02-17,Warsaw,3.0,0.0,2.1,no
2025-02-18,Warsaw,1.2,0.0,4.6,no
2025-02-19,Warsaw,-2.2,25.4,0.0,yes
2025-02-20,Warsaw,1.1,0.0,2.9,no
2025-02-21,Warsaw,1.0,0.0,7.5,no
2025-02-22,Warsaw,1.1,0.0,3.0,no
2025-02-23,Warsaw,4.5,0.0,3.0,no
2025-02-24,Warsaw,4.9,0.5,0.0,no
2025-02-25,Warsaw,5.1,1.4,2.4,no
2025-02-26,Warsaw,1.7,3.9,0.8,no
2025-02-27,Warsaw,1.6,0.0,7.2,no
2025-02-28,Warsaw,0.2,0.3,0.0,no
2025-03-01,Warsaw,-2.1,0.0,3.0,no
2025-03-02,Warsaw,-2.9,0.0,6.2,no
2025-03-03,Warsaw,-2.1,5.4,2.2,no
2025-03-04,Warsaw,-1.9,0.0,3.4,no
2025-03-05,Warsaw,-0.6,1.7,0.0,no
2025-03-06,Warsaw,0.7,0.0,6.2,no
2025-03-07,Warsaw,-0.8,0.0,8.7,no
2025-03-08,Warsaw,0.4,0.0,8.1,no
2025-03-09,Warsaw,-0.2,6.1,0.0,no
2025-03-10,Warsaw,-1.3,3.3,0.0,no
2025-03-11,Warsaw,-0.5,0.0,7.8,no
2025-03-12,Warsaw,-0.4,0.0,5.8,no
2025-03-13,Warsaw,0.7,0.0,9.5,no
2025-03-14,Warsaw,-1.2,0.0,5.2,no
2025-03-15,Warsaw,1.7,0.0,2.2,no
2025-03-16,Warsaw,0.9,8.8,3.2,no
2025-03-17,Warsaw,2.4,1.8,6.6,no
2025-03-18,Warsaw,2.2,0.0,5.6,no
2025-03-19,Warsaw,1.7,1.9,6.1,no
2025-03-20,Warsaw,2.6,0.0,7.6,no
2025-03-21,Warsaw,2.8,0.7,5.6,no
2025-03-22,Warsaw,1.4,0.0,7.7,no
2025-03-23,Warsaw,0.4,0.0,10.9,no
2025-03-24,Warsaw,-0.0,0.8,1.0,no
2025-03-25,Warsaw,4.6,0.0,2.9,no
2025-03-26,Warsaw,1.6,3.3,5.4,no
2025-03-27,Warsaw,0.6,1.2,0.0,no
2025-03-28,Warsaw,2.1,0.0,2.7,no
2025-03-29,Warsaw,1.4,5.5,5.7,no
2025-03-30,Warsaw,4.0,2.0,4.4,no
2025-03-31,Warsaw,2.9,0.0,9.1,no
2025-04-01,Warsaw,1.5,0.0,8.8,no
2025-04-02,Warsaw,1.6,0.0,4.2,no
2025-04-03,Warsaw,2.4,4.1,2.3,no
2025-04-04,Warsaw,1.6,0.0,2.8,no
2025-04-05,Warsaw,6.2,3.4,4.3,no
2025-04-06,Warsaw,6.1,0.0,6.0,no
2025-04-07,Warsaw,5.1,3.1,4.6,no
2025-04-08,Warsaw,7.0,0.0,8.2,no
2025-04-09,Warsaw,6.0,0.0,10.3,no
2025-04-10,Warsaw,4.1,1.8,0.4,no
2025-04-11,Warsaw,0.2,0.0,2.8,no
2025-04-12,Warsaw,2.8,0.0,8.4,no
2025-04-13,Warsaw,5.0,24.8,1.8,no
2025-04-14,Warsaw,6.0,0.0,8.8,no
2025-04-15,Warsaw,6.1,0.0,8.6,no
2025-04-16,Warsaw,6.1,0.0,9.7,no
2025-04-17,Warsaw,7.6,0.0,6.7,no
2025-04-18,Warsaw,5.3,0.0,10.2,no
2025-04-19,Warsaw,5.5,3.2,4.3,no
2025-04-20,Warsaw,6.0,0.0,6.9,no
2025-04-21,Warsaw,6.8,7.0,0.2,no
2025-04-22,Warsaw,8.0,0.0,9.1,no
2025-04-23,Warsaw,11.2,0.0,7.8,no
2025-04-24,Warsaw,13.2,0.9,3.8,no
2025-04-25,Warsaw,8.1,0.2,3.6,no
2025-04-26,Warsaw,9.3,0.0,2.3,no
2025-04-27,Warsaw,9.1,0.0,12.0,no
2025-04-28,Warsaw,8.6,0.0,10.6,no
2025-04-29,Warsaw,8.4,0.0,13.4,no
2025-04-30,Warsaw,6.7,1.6,5.1,no
2025-05-01,Warsaw,7.8,0.0,5.7,no
2025-05-02,Warsaw,9.1,1.1,4.5,no
2025-05-03,Warsaw,9.8,0.7,4.7,no
2025-05-04,Warsaw,11.0,0.0,10.6,no
2025-05-05,Warsaw,9.5,3.5,0.7,no
2025-05-06,Warsaw,9.1,0.0,3.6,no
2025-05-07,Warsaw,10.8,5.0,5.5,no
2025-05-08,Warsaw,14.8,0.0,9.5,no
2025-05-09,Warsaw,13.7,0.0,6.3,no
2025-05-10,Warsaw,12.1,0.0,14.2,no
2025-05-11,Warsaw,12.8,0.0,3.1,no
2025-05-12,Warsaw,11.5,0.5,0.0,no
2025-05-13,Warsaw,12.1,0.0,4.4,no
2025-05-14,Warsaw,14.7,0.0,13.3,no
2025-05-15,Warsaw,12.9,0.0,11.5,no
2025-05-16,Warsaw,11.8,0.0,7.6,no
2025-05-17,Warsaw,10.5,0.0,14.8,no
2025-05-18,Warsaw,11.5,0.0,11.3,no
2025-05-19,Warsaw,13.0,10.8,0.0,no
2025-05-20,Warsaw,14.5,0.0,7.3,no
2025-05-21,Warsaw,15.3,0.0,12.4,no
2025-05-22,Warsaw,14.8,0.0,6.9,no
2025-05-23,Warsaw,14.1,1.8,6.2,no
2025-05-24,Warsaw,14.5,0.0,9.4,no
2025-05-25,Warsaw,16.6,0.0,14.8,no
2025-05-26,Warsaw,15.8,0.6,4.4,no
2025-05-27,Warsaw,16.5,0.0,9.1,no
2025-05-28,Warsaw,17.3,0.0,12.3,no
2025-05-29,Warsaw,16.0,1.7,0.0,no
2025-05-30,Warsaw,14.1,12.6,0.0,no
2025-05-31,Warsaw,15.3,0.0,13.8,no
2025-06-01,Warsaw,16.8,0.0,6.0,no
2025-06-02,Warsaw,13.5,5.9,3.0,no
2025-06-03,Warsaw,14.2,0.0,6.7,no
2025-06-04,Warsaw,12.9,0.0,12.3,no
2025-06-05,Warsaw,14.6,0.0,4.6,no
2025-06-06,Warsaw,15.4,1.9,0.0,no
2025-06-07,Warsaw,16.1,0.7,2.0,no
2025-06-08,Warsaw,14.9,0.0,14.6,no
2025-06-09,Warsaw,17.7,10.4,9.5,no
2025-06-10,Warsaw,15.6,0.0,6.7,no
2025-06-11,Warsaw,14.8,0.0,15.3,no
2025-06-12,Warsaw,15.0,0.0,9.2,no
2025-06-13,Warsaw,14.2,0.9,0.0,no
2025-06-14,Warsaw,12.3,0.0,16.2,no
2025-06-15,Warsaw,16.4,0.0,5.9,no
2025-06-16,Warsaw,17.0,1.3,0.0,no
2025-06-17,Warsaw,16.2,0.0,0.5,no
2025-06-18,Warsaw,18.9,0.0,12.0,no
2025-06-19,Warsaw,17.2,0.0,8.5,no
2025-06-20,Warsaw,17.3,0.7,5.5,no
2025-06-21,Warsaw,20.2,0.0,9.9,no
2025-06-22,Warsaw,18.5,2.0,7.0,no
2025-06-23,Warsaw,15.8,0.0,12.9,no
2025-06-24,Warsaw,20.3,0.0,2.6,no
2025-06-25,Warsaw,20.7,5.4,0.0,no
2025-06-26,Warsaw,19.0,6.5,4.4,no
2025-06-27,Warsaw,19.3,7.1,10.4,no
2025-06-28,Warsaw,21.5,0.0,7.0,no
2025-06-29,Warsaw,20.6,0.0,9.4,no
2025-06-30,Warsaw,23.5,0.0,10.9,no
2025-07-01,Warsaw,22.3,2.5,7.4,no
2025-07-02,Warsaw,18.4,0.0,6.3,no
2025-07-03,Warsaw,19.2,6.8,5.2,no
2025-07-04,Warsaw,20.6,0.0,0.8,no
2025-07-05,Warsaw,17.9,0.9,2.1,no
2025-07-06,Warsaw,18.3,0.0,3.6,no
2025-07-07,Warsaw,18.7,2.1,3.6,no
2025-07-08,Warsaw,21.2,0.0,12.4,no
2025-07-09,Warsaw,21.3,2.5,0.0,no
2025-07-10,Warsaw,20.6,0.0,6.0,no
2025-07-11,Warsaw,17.5,0.0,7.8,no
2025-07-12,Warsaw,16.9,0.3,0.0,no
2025-07-13,Warsaw,17.1,1.2,4.4,no
2025-07-14,Warsaw,16.6,0.0,6.9,no
2025-07-15,Warsaw,18.6,2.5,4.1,no
2025-07-16,Warsaw,19.0,1.4,0.0,no
2025-07-17,Warsaw,16.3,4.1,1.0,no
2025-07-18,Warsaw,17.0,1.7,2.7,no
2025-07-19,Warsaw,17.6,0.0,12.6,no
2025-07-20,Warsaw,13.5,7.1,5.4,no
2025-07-21,Warsaw,12.0,0.0,11.3,no
2025-07-22,Warsaw,13.5,0.0,16.0,no
2025-07-23,Warsaw,14.8,3.7,5.5,no
2025-07-24,Warsaw,17.5,0.0,10.9,no
2025-07-25,Warsaw,20.4,0.0,7.4,no
2025-07-26,Warsaw,20.8,0.0,14.5,no
2025-07-27,Warsaw,19.6,0.0,5.7,no
2025-07-28,Warsaw,18.2,1.1,1.8,no
2025-07-29,Warsaw,19.8,0.0,6.8,no
2025-07-30,Warsaw,19.9,2.8,1.5,no
2025-07-31,Warsaw,19.1,0.5,4.0,no
2025-08-01,Warsaw,16.3,0.0,10.9,no
2025-08-02,Warsaw,19.3,0.0,12.7,no
2025-08-03,Warsaw,19.6,1.8,6.6,no
2025-08-04,Warsaw,17.9,4.0,0.8,no
2025-08-05,Warsaw,18.8,0.0,9.1,no
2025-08-06,Warsaw,17.2,0.5,5.5,no
2025-08-07,Warsaw,18.3,0.0,7.8,no
2025-08-08,Warsaw,21.9,0.0,9.7,no
2025-08-09,Warsaw,20.6,0.0,7.9,no
2025-08-10,Warsaw,18.8,0.0,12.6,no
2025-08-11,Warsaw,19.4,0.0,11.6,no
2025-08-12,Warsaw,19.6,3.9,2.1,no
2025-08-13,Warsaw,20.0,0.0,8.6,no
2025-08-14,Warsaw,19.1,2.9,0.0,no
2025-08-15,Warsaw,19.5,0.0,4.5,no
2025-08-16,Warsaw,21.1,0.0,0.9,no
2025-08-17,Warsaw,18.3,0.0,3.1,no
2025-08-18,Warsaw,17.2,0.0,9.1,no
2025-08-19,Warsaw,18.2,0.0,0.7,no
2025-08-20,Warsaw,10.8,0.0,14.4,no
2025-08-21,Warsaw,13.8,0.4,3.0,no
2025-08-22,Warsaw,13.2,0.0,1.7,no
2025-08-23,Warsaw,13.3,0.0,5.9,no
2025-08-24,Warsaw,14.3,6.1,6.8,no
2025-08-25,Warsaw,16.9,8.5,5.2,no
2025-08-26,Warsaw,15.5,0.0,4.7,no
2025-08-27,Warsaw,15.9,0.0,3.9,no
2025-08-28,Warsaw,16.1,0.0,2.2,no
2025-08-29,Warsaw,17.5,1.6,2.4,no
2025-08-30,Warsaw,19.8,0.0,2.3,no
2025-08-31,Warsaw,17.9,3.9,8.3,no
2025-09-01,Warsaw,14.5,0.0,1.6,no
2025-09-02,Warsaw,16.2,0.0,8.8,no
2025-09-03,Warsaw,16.7,4.1,0.0,no
2025-09-04,Warsaw,15.0,0.0,9.5,no
2025-09-05,Warsaw,19.8,0.0,5.3,no
2025-09-06,Warsaw,17.7,0.2,3.3,no
2025-09-07,Warsaw,15.5,1.2,0.7,no
2025-09-08,Warsaw,13.2,0.0,5.3,no
2025-09-09,Warsaw,15.4,0.3,5.6,no
2025-09-10,Warsaw,15.2,4.3,0.6,no
2025-09-11,Warsaw,15.6,0.0,9.5,no
2025-09-12,Warsaw,19.3,0.0,5.9,no
2025-09-13,Warsaw,19.8,1.1,2.9,no
2025-09-14,Warsaw,17.9,0.0,2.3,no
2025-09-15,Warsaw,10.7,0.0,6.7,no
2025-09-16,Warsaw,11.8,9.9,4.2,no
2025-09-17,Warsaw,12.6,1.0,4.3,no
2025-09-18,Warsaw,12.0,0.0,3.6,no
2025-09-19,Warsaw,11.5,0.0,3.8,no
2025-09-20,Warsaw,10.8,0.0,5.9,no
2025-09-21,Warsaw,13.5,0.8,0.0,no
2025-09-22,Warsaw,19.4,0.0,1.5,no
2025-09-23,Warsaw,19.5,5.2,0.0,no
2025-09-24,Warsaw,20.0,3.6,0.2,no
2025-09-25,Warsaw,17.5,0.0,10.5,no
2025-09-26,Warsaw,17.3,1.3,0.0,no
2025-09-27,Warsaw,17.3,0.0,4.3,no
2025-09-28,Warsaw,17.7,0.0,7.0,no
2025-09-29,Warsaw,14.0,0.1,1.0,no
2025-09-30,Warsaw,14.6,0.0,5.2,no
2025-10-01,Warsaw,14.2,0.0,3.7,no
2025-10-02,Warsaw,13.8,4.5,3.6,no
2025-10-03,Warsaw,14.0,1.1,0.8,no
2025-10-04,Warsaw,12.0,0.0,4.7,no
2025-10-05,Warsaw,10.3,0.0,3.5,no
2025-10-06,Warsaw,6.5,2.4,3.3,no
2025-10-07,Warsaw,5.9,0.9,0.0,no
2025-10-08,Warsaw,6.1,6.3,0.0,no
2025-10-09,Warsaw,7.3,3.4,4.6,no
2025-10-10,Warsaw,10.4,4.6,0.0,no
2025-10-11,Warsaw,9.3,0.0,1.5,no
2025-10-12,Warsaw,6.7,3.6,0.0,no
2025-10-13,Warsaw,7.9,0.0,2.8,no
2025-10-14,Warsaw,8.2,1.7,2.8,no
2025-10-15,Warsaw,13.4,0.3,0.6,no
2025-10-16,Warsaw,10.6,0.0,7.7,no
2025-10-17,Warsaw,10.4,0.4,0.5,no
2025-10-18,Warsaw,8.8,0.0,6.3,no
2025-10-19,Warsaw,11.0,2.8,4.2,no
2025-10-20,Warsaw,9.4,4.8,1.0,no
2025-10-21,Warsaw,8.9,0.0,6.7,no
2025-10-22,Warsaw,9.9,0.0,2.1,no
2025-10-23,Warsaw,10.4,0.0,3.2,no
2025-10-24,Warsaw,9.7,2.5,0.2,no
2025-10-25,Warsaw,9.6,0.0,1.6,no
2025-10-26,Warsaw,11.4,0.0,5.2,no
2025-10-27,Warsaw,13.2,6.2,0.4,no
2025-10-28,Warsaw,10.0,0.0,3.8,no
2025-10-29,Warsaw,10.1,0.0,5.0,no
2025-10-30,Warsaw,6.4,1.8,0.4,no
2025-10-31,Warsaw,6.7,5.9,0.5,no
2025-11-01,Warsaw,3.7,0.0,5.4,no
2025-11-02,Warsaw,3.9,4.0,0.3,no
2025-11-03,Warsaw,4.1,0.0,6.7,no
2025-11-04,Warsaw,4.6,10.6,3.7,no
2025-11-05,Warsaw,3.8,4.4,0.0,no
2025-11-06,Warsaw,3.8,0.0,1.7,no
2025-11-07,Warsaw,7.0,7.6,0.0,no
2025-11-08,Warsaw,3.5,4.6,0.6,no
2025-11-09,Warsaw,3.4,0.0,4.0,no
2025-11-10,Warsaw,7.0,0.0,4.0,no
2025-11-11,Warsaw,6.7,0.0,1.1,no
2025-11-12,Warsaw,4.9,0.0,1.9,no
2025-11-13,Warsaw,5.5,6.5,0.0,no
2025-11-14,Warsaw,-1.4,0.0,4.9,no
2025-11-15,Warsaw,-1.7,0.0,5.4,no
2025-11-16,Warsaw,-1.6,0.0,3.0,no
2025-11-17,Warsaw,-1.8,0.7,2.4,no
2025-11-18,Warsaw,-0.9,0.0,3.2,no
2025-11-19,Warsaw,-2.4,0.0,2.9,no
2025-11-20,Warsaw,-4.1,0.0,2.9,no
2025-11-21,Warsaw,1.4,0.0,0.9,no
2025-11-22,Warsaw,3.4,1.2,1.1,no
2025-11-23,Warsaw,2.0,1.3,1.4,no
2025-11-24,Warsaw,-0.6,7.3,1.1,no
2025-11-25,Warsaw,-3.0,11.9,0.0,no
2025-11-26,Warsaw,-0.9,0.0,3.9,no
2025-11-27,Warsaw,-3.0,0.0,3.2,no
2025-11-28,Warsaw,-1.7,8.2,1.5,no
2025-11-29,Warsaw,-0.1,0.5,0.0,no
2025-11-30,Warsaw,-1.1,0.0,2.5,no
2025-12-01,Warsaw,-0.8,0.0,3.1,no
2025-12-02,Warsaw,-0.2,0.0,3.8,no
2025-12-03,Warsaw,-2.2,0.0,3.8,no
2025-12-04,Warsaw,-3.4,0.0,2.9,no
2025-12-05,Warsaw,-1.7,4.2,0.0,no
2025-12-06,Warsaw,-3.8,0.0,4.8,no
2025-12-07,Warsaw,-2.9,0.0,4.5,no
2025-12-08,Warsaw,-3.8,0.2,3.1,no
2025-12-09,Warsaw,-1.7,0.0,4.1,no
2025-12-10,Warsaw,-0.3,0.0,3.7,no
2025-12-11,Warsaw,-1.3,0.0,1.2,no
2025-12-12,Warsaw,-1.1,5.4,4.1,no
2025-12-13,Warsaw,-1.6,0.0,3.0,no
2025-12-14,Warsaw,-0.5,8.8,0.5,no
2025-12-15,Warsaw,-2.3,0.0,3.9,no
2025-12-16,Warsaw,1.3,0.0,2.7,no
2025-12-17,Warsaw,-0.3,1.7,0.0,no
2025-12-18,Warsaw,-1.6,0.0,4.9,no
2025-12-19,Warsaw,-2.3,4.5,0.0,no
2025-12-20,Warsaw,-1.9,0.0,4.0,no
2025-12-21,Warsaw,-2.5,0.0,3.9,no
2025-12-22,Warsaw,-0.9,0.0,5.9,no
2025-12-23,Warsaw,-2.1,0.0,6.3,no
2025-12-24,Warsaw,1.4,0.0,3.6,no
2025-12-25,Warsaw,1.8,0.0,4.9,no
2025-12-26,Warsaw,3.8,0.0,2.1,no
2025-12-27,Warsaw,-1.2,0.9,2.4,no
2025-12-28,Warsaw,-1.4,4.8,0.5,no
2025-12-29,Warsaw,-2.1,5.3,0.5,no
2025-12-30,Warsaw,-0.5,4.3,2.3,no
2025-12-31,Warsaw,-4.7,0.0,4.3,no
